Geo Point;Geo Shape;Nombre;Descripcion;timestamp;begin;end;altitudeMo;tessellate;extrude;visibility;drawOrder;icon;Areas_Esco;gx_media_l
39.46398387324271, -0.3707383127590042;"{""coordinates"": [[[-0.360698, 39.4622483, 0.0], [-0.3627886, 39.4624579, 0.0], [-0.3807272, 39.4549364, 0.0], [-0.37661, 39.4672069, 0.0], [-0.3761862, 39.4673394, 0.0], [-0.3750739, 39.4670989, 0.0], [-0.3720583, 39.4689847, 0.0], [-0.3684963, 39.4721981, 0.0], [-0.3667817, 39.4727067, 0.0], [-0.362059, 39.4660692, 0.0], [-0.3608753, 39.4631866, 0.0], [-0.3605141, 39.4625573, 0.0], [-0.360698, 39.4622483, 0.0]]], ""type"": ""Polygon""}";Districte II;Xàtiva/Colón/Justicia/Ciudadela/J.Benavente/Alcalde Reig/A. Regne/Peris i Valero/Víes del Ferrocarril/Gibraltar/Alicante/Xàtiva. Incluye la Estación del Norte.;;;;;-1;0;-1;0;;1;
39.484850729726354, -0.3995870159070037;"{""coordinates"": [[[-0.4056878, 39.4747243, 0.0], [-0.4102583, 39.4756932, 0.0], [-0.4113795, 39.4762004, 0.0], [-0.4119428, 39.477337, 0.0], [-0.4123559, 39.4776787, 0.0], [-0.4132491, 39.478926, 0.0], [-0.4107774, 39.4808416, 0.0], [-0.4097347, 39.4819152, 0.0], [-0.4093571, 39.4833532, 0.0], [-0.4063853, 39.4831545, 0.0], [-0.4049583, 39.4874603, 0.0], [-0.4084344, 39.492097, 0.0], [-0.4108703, 39.4958304, 0.0], [-0.4079624, 39.4966838, 0.0], [-0.4047765, 39.4976103, 0.0], [-0.4044015, 39.4971956, 0.0], [-0.4019649, 39.4983146, 0.0], [-0.398478, 39.4935542, 0.0], [-0.3965039, 39.491534, 0.0], [-0.3942723, 39.4899111, 0.0], [-0.3908391, 39.4881558, 0.0], [-0.3895087, 39.4886195, 0.0], [-0.3881784, 39.4873609, 0.0], [-0.385303, 39.4851087, 0.0], [-0.3818698, 39.4826576, 0.0], [-0.3841872, 39.4816639, 0.0], [-0.3876419, 39.4800574, 0.0], [-0.3911824, 39.4789478, 0.0], [-0.3931995, 39.47807, 0.0], [-0.3980489, 39.4760493, 0.0], [-0.4056878, 39.4747243, 0.0]]], ""type"": ""Polygon""}";Districte IV (Campanar);Tirso de Molina, Menéndez Pidal, Av. Burjassot, Dr. Nicasio Benlloch, Camino Nuevo de Paterna, Límite Municipal, Manuel de Falla, Tirso de Molina, Beniferri.;;;;;-1;0;-1;0;;2;
39.494505757600734, -0.3923878088917444;"{""coordinates"": [[[-0.3907933, 39.4882413, 0.0], [-0.3961577, 39.4856947, 0.0], [-0.4044833, 39.4972199, 0.0], [-0.4011655, 39.4987188, 0.0], [-0.3985477, 39.4997454, 0.0], [-0.3944278, 39.5027257, 0.0], [-0.3926683, 39.5027919, 0.0], [-0.3910375, 39.5019475, 0.0], [-0.3862687, 39.4975631, 0.0], [-0.381403, 39.4986608, 0.0], [-0.3813171, 39.4972823, 0.0], [-0.3801691, 39.4938837, 0.0], [-0.3831893, 39.493209, 0.0], [-0.3821755, 39.4901746, 0.0], [-0.3907933, 39.4882413, 0.0]]], ""type"": ""Polygon""}";Districte XVI (Benicalap);General Avilés, Peset Aleixandre, Juan XIII, Pedro Cabanes, Camino de Moncada, Límite Municipal, Av. Corts Valencianes, General Avilés.;;;;;-1;0;-1;0;;2;
39.48686799959537, -0.3779686625475272;"{""coordinates"": [[[-0.3819476, 39.4826328, 0.0], [-0.3857618, 39.4854704, 0.0], [-0.3876342, 39.4869555, 0.0], [-0.3885489, 39.487698, 0.0], [-0.3893698, 39.4884922, 0.0], [-0.3855579, 39.4894182, 0.0], [-0.38166, 39.4903109, 0.0], [-0.3739284, 39.4920132, 0.0], [-0.3713534, 39.4900923, 0.0], [-0.3685102, 39.4878733, 0.0], [-0.3693338, 39.4872626, 0.0], [-0.3698743, 39.4867462, 0.0], [-0.3703075, 39.4863125, 0.0], [-0.373644, 39.4805948, 0.0], [-0.3753177, 39.4817292, 0.0], [-0.3772382, 39.4827354, 0.0], [-0.3790406, 39.4828968, 0.0], [-0.3804193, 39.4829672, 0.0], [-0.3819476, 39.4826328, 0.0]]], ""type"": ""Polygon""}";Districte V;Av. Burjassot, Av. Dr. Peset Alexandre, Av. Primado Reig, C/ Almazora, Cronista Rivelles, Guadalaviar, Zaidia, Av. Burjassot. Inclou edifice Policia Autonómica (Estació Pont de Fusta).;;;;;-1;0;-1;0;;3;
39.44861042838124, -0.39130862472383776;"{""coordinates"": [[[-0.3807566, 39.4550866, 0.0], [-0.3833669, 39.4453094, 0.0], [-0.3848182, 39.4426927, 0.0], [-0.386671, 39.4383469, 0.0], [-0.3905197, 39.4387818, 0.0], [-0.3931805, 39.4394944, 0.0], [-0.39523, 39.4402226, 0.0], [-0.400611, 39.4430241, 0.0], [-0.405659, 39.4486423, 0.0], [-0.3993879, 39.4536618, 0.0], [-0.3972512, 39.4518041, 0.0], [-0.3949, 39.4500623, 0.0], [-0.3883311, 39.4594936, 0.0], [-0.388877, 39.4599431, 0.0], [-0.3874299, 39.461349, 0.0], [-0.3879547, 39.4622243, 0.0], [-0.3869579, 39.4626486, 0.0], [-0.3820326, 39.455943, 0.0], [-0.3807566, 39.4550866, 0.0]]], ""type"": ""Polygon""}";Districte IX;Gaspar Aguilar/Jesús/Callosa d'Ensarrià/Lladró i Mallí/Giorgeta/García Lorca/Cauce nuevo del río/Campos Crespo/Avda.Mandingorra/Gaspar Aguilar. Además para el CEIP Jesús: Fontanares/Pío XI/Cuenca/Pérez Galdós/Lladró i Mallí. Se incluye ademe;;;;;-1;0;-1;0;;4;
39.463421593400994, -0.3475700303189704;"{""coordinates"": [[[-0.3583014, 39.4637385, 0.0], [-0.3542837, 39.4714879, 0.0], [-0.3446277, 39.4686057, 0.0], [-0.3438767, 39.4687879, 0.0], [-0.3434905, 39.4683241, 0.0], [-0.3355082, 39.4659718, 0.0], [-0.3362232, 39.4642218, 0.0], [-0.3377304, 39.4625636, 0.0], [-0.3401766, 39.4608738, 0.0], [-0.3439446, 39.4585151, 0.0], [-0.3409585, 39.4578281, 0.0], [-0.341507, 39.4549427, 0.0], [-0.3438244, 39.4546114, 0.0], [-0.3458414, 39.4548433, 0.0], [-0.3471718, 39.4554729, 0.0], [-0.3489742, 39.4567983, 0.0], [-0.3530512, 39.4597473, 0.0], [-0.3570852, 39.4615033, 0.0], [-0.3583014, 39.4637385, 0.0]]], ""type"": ""Polygon""}";Districte XII;Santos Justo y Pastor, Cardenal Benlloch, Educardo Boscá, Cauce viejo del Río, Vía del tren, Ibiza, Serrería, Satos Justo y Pastor, Incluy ciutat de les Arts i les Ciències, Institut de Biomecánica.;;;;;-1;0;-1;0;;7;
39.499784749525645, -0.41797481773271145;"{""coordinates"": [[[-0.425194, 39.494331, 0.0], [-0.4285843, 39.4972453, 0.0], [-0.4317387, 39.5058715, 0.0], [-0.4280587, 39.5067076, 0.0], [-0.4256876, 39.5071296, 0.0], [-0.4241855, 39.5056479, 0.0], [-0.4230268, 39.5060535, 0.0], [-0.4227479, 39.5071462, 0.0], [-0.4180272, 39.5056231, 0.0], [-0.4122336, 39.5036033, 0.0], [-0.4044015, 39.4971956, 0.0], [-0.4019928, 39.4982595, 0.0], [-0.4000134, 39.4955481, 0.0], [-0.4055817, 39.4934038, 0.0], [-0.4084344, 39.492097, 0.0], [-0.4108703, 39.4958304, 0.0], [-0.4165195, 39.4956024, 0.0], [-0.4184778, 39.4931885, 0.0], [-0.4216965, 39.4956227, 0.0], [-0.425194, 39.494331, 0.0]]], ""type"": ""Polygon""}";Districte XVIII (Poblats de l'Oest);Benimàmet, Beniferri;;;;;-1;0;-1;0;;2;
39.468730334871694, -0.40373851842976444;"{""coordinates"": [[[-0.4130695, 39.4632335, 0.0], [-0.4126511, 39.4643041, 0.0], [-0.4128334, 39.4658716, 0.0], [-0.4114172, 39.4660393, 0.0], [-0.4114065, 39.466322, 0.0], [-0.4119697, 39.4666124, 0.0], [-0.4126591, 39.4668156, 0.0], [-0.4127248, 39.4670911, 0.0], [-0.4146888, 39.4669804, 0.0], [-0.4146516, 39.4678112, 0.0], [-0.4154512, 39.467466, 0.0], [-0.4157034, 39.4677372, 0.0], [-0.4162345, 39.4679754, 0.0], [-0.4176936, 39.4685345, 0.0], [-0.4209659, 39.469371, 0.0], [-0.4182684, 39.4693773, 0.0], [-0.4155708, 39.4696485, 0.0], [-0.4159048, 39.4699509, 0.0], [-0.4141681, 39.4707998, 0.0], [-0.4124742, 39.4713174, 0.0], [-0.4111921, 39.4725763, 0.0], [-0.4083059, 39.4728081, 0.0], [-0.405849, 39.473189, 0.0], [-0.3960236, 39.4749822, 0.0], [-0.3903832, 39.4671017, 0.0], [-0.3935724, 39.4676939, 0.0], [-0.3957317, 39.4679547, 0.0], [-0.3946803, 39.4654699, 0.0], [-0.3961823, 39.4640122, 0.0], [-0.4061387, 39.4635483, 0.0], [-0.4130695, 39.4632335, 0.0]]], ""type"": ""Polygon""}";Districte VII;Tres Forques, Arxiduc Carles, Enguera, Av. del Cid, Pérez Galdós, Paseo de la Petxina, Límit de Mislata, Límit de Xirivella, Tres Forques. Els alumnes residents al Barri de la Llum podrán sol·licitar en igualtat de condicions el CEIP Vicente Tosca;;;;;-1;0;-1;0;;4;
39.43916198113849, -0.4082582620644951;"{""coordinates"": [[[-0.3872154, 39.4360331, 0.0], [-0.3898332, 39.4295695, 0.0], [-0.3925798, 39.4295695, 0.0], [-0.3983305, 39.4310612, 0.0], [-0.4001329, 39.4326191, 0.0], [-0.4057119, 39.435105, 0.0], [-0.4075573, 39.4362983, 0.0], [-0.410733, 39.436464, 0.0], [-0.4136083, 39.4362651, 0.0], [-0.4192731, 39.4357017, 0.0], [-0.4226205, 39.4358674, 0.0], [-0.4257963, 39.4362651, 0.0], [-0.4286287, 39.4385852, 0.0], [-0.4286716, 39.4391155, 0.0], [-0.424423, 39.4418001, 0.0], [-0.4134367, 39.4488922, 0.0], [-0.4112051, 39.4504166, 0.0], [-0.4097889, 39.4500189, 0.0], [-0.4042528, 39.4427281, 0.0], [-0.3960989, 39.4378229, 0.0], [-0.3872154, 39.4360331, 0.0]]], ""type"": ""Polygon""}";Districte IX;Faitanar i Barri de La Torre;;;;;-1;0;-1;0;;4;
39.44533235506586, -0.37680539576291255;"{""coordinates"": [[[-0.3807272, 39.4549364, 0.0], [-0.3756203, 39.456936, 0.0], [-0.3686683, 39.4466682, 0.0], [-0.3702019, 39.4366864, 0.0], [-0.3864882, 39.4381448, 0.0], [-0.3848474, 39.4425255, 0.0], [-0.3833883, 39.4452763, 0.0], [-0.3807272, 39.4549364, 0.0]]], ""type"": ""Polygon""}";Districte X-A;Peris i Valero/Ausias March/Cauce nuevo del río/vía del ferrocarril/Peris i Valero.;;;;;-1;0;-1;0;;5;
39.47704459588873, -0.34219038365523763;"{""coordinates"": [[[-0.3355082, 39.4659718, 0.0], [-0.3434905, 39.4683241, 0.0], [-0.3438767, 39.4687879, 0.0], [-0.3446277, 39.4686057, 0.0], [-0.3542837, 39.4714879, 0.0], [-0.3524598, 39.4751816, 0.0], [-0.3514877, 39.4776402, 0.0], [-0.3542185, 39.4784585, 0.0], [-0.354924, 39.4782391, 0.0], [-0.3544102, 39.479114, 0.0], [-0.3538094, 39.4799173, 0.0], [-0.3514279, 39.4815095, 0.0], [-0.3472222, 39.4842256, 0.0], [-0.3427805, 39.4870492, 0.0], [-0.3424586, 39.4868918, 0.0], [-0.3418256, 39.4869001, 0.0], [-0.3410531, 39.4866186, 0.0], [-0.3402699, 39.4862874, 0.0], [-0.3397323, 39.4861187, 0.0], [-0.3391314, 39.4861601, 0.0], [-0.3386701, 39.4860028, 0.0], [-0.3377581, 39.4858786, 0.0], [-0.3370071, 39.4860111, 0.0], [-0.3363956, 39.4862264, 0.0], [-0.3342069, 39.486127, 0.0], [-0.3321899, 39.4857958, 0.0], [-0.3314166, 39.4855221, 0.0], [-0.3330911, 39.4781775, 0.0], [-0.3340782, 39.4730429, 0.0], [-0.3346684, 39.4702435, 0.0], [-0.3350117, 39.4679245, 0.0], [-0.3351726, 39.4668892, 0.0], [-0.3355082, 39.4659718, 0.0]]], ""type"": ""Polygon""}";Distrito XIII;Santos Justo y Pastor, Cardenal Benlloch, Blasco Ibañez, Rubén Dario, Palancia, Av. Cataluña, Límite Alboraya, Ingeniero Fausto Elio, Lluís Peixo, Blas de Lezo, Serrería, Santos Justo y Pastor.;;;;;-1;0;-1;0;;7;
39.486881196123115, -0.35615009545041776;"{""coordinates"": [[[-0.3685102, 39.4878733, 0.0], [-0.3671107, 39.4887395, 0.0], [-0.3646431, 39.4900809, 0.0], [-0.3614459, 39.4919852, 0.0], [-0.3589139, 39.4935417, 0.0], [-0.3573689, 39.4943034, 0.0], [-0.3560815, 39.4948168, 0.0], [-0.3557167, 39.4946181, 0.0], [-0.3559742, 39.4943034, 0.0], [-0.3553734, 39.4938729, 0.0], [-0.354279, 39.4931443, 0.0], [-0.353292, 39.4925813, 0.0], [-0.3513179, 39.4916375, 0.0], [-0.3501591, 39.4908757, 0.0], [-0.3498802, 39.4906108, 0.0], [-0.3499231, 39.4900974, 0.0], [-0.3494081, 39.4896172, 0.0], [-0.3495798, 39.4886402, 0.0], [-0.3479061, 39.4885077, 0.0], [-0.3469619, 39.4884083, 0.0], [-0.3456745, 39.4881102, 0.0], [-0.3443656, 39.487779, 0.0], [-0.343915, 39.4874975, 0.0], [-0.3437004, 39.487216, 0.0], [-0.3429708, 39.4870338, 0.0], [-0.3505454, 39.4822643, 0.0], [-0.353292, 39.4804425, 0.0], [-0.3541932, 39.4798131, 0.0], [-0.3549793, 39.4781879, 0.0], [-0.3685102, 39.4878733, 0.0]]], ""type"": ""Polygon""}";Districte XIV;Av. Catalunya, Límite Alboraia, Av. Alfahuir, Primado Reig, Av. Catalunya;;;;;-1;0;-1;0;;7;
39.52915585093807, -0.35942226002703015;"{""coordinates"": [[[-0.3605208, 39.5178246, 0.0], [-0.3620657, 39.5184205, 0.0], [-0.3625378, 39.5209034, 0.0], [-0.3630528, 39.5232869, 0.0], [-0.3629669, 39.5248096, 0.0], [-0.3631815, 39.5263985, 0.0], [-0.3630528, 39.5267958, 0.0], [-0.3653702, 39.5274909, 0.0], [-0.3640827, 39.5292453, 0.0], [-0.3667435, 39.5330517, 0.0], [-0.3647265, 39.5343426, 0.0], [-0.3639111, 39.5327538, 0.0], [-0.3619799, 39.5355672, 0.0], [-0.3645977, 39.5367256, 0.0], [-0.3648123, 39.5381818, 0.0], [-0.3639111, 39.5384797, 0.0], [-0.3632674, 39.5382811, 0.0], [-0.3626665, 39.538579, 0.0], [-0.3599629, 39.5376523, 0.0], [-0.3582033, 39.5369242, 0.0], [-0.356873, 39.536858, 0.0], [-0.3552422, 39.5360967, 0.0], [-0.3549418, 39.5345412, 0.0], [-0.3547272, 39.533151, 0.0], [-0.3539976, 39.5316947, 0.0], [-0.3534827, 39.5306686, 0.0], [-0.3537831, 39.5298742, 0.0], [-0.3531822, 39.5296756, 0.0], [-0.354298, 39.5270606, 0.0], [-0.3519377, 39.5260013, 0.0], [-0.3536972, 39.5234193, 0.0], [-0.354813, 39.5239821, 0.0], [-0.3562292, 39.5240483, 0.0], [-0.3605208, 39.5178246, 0.0]]], ""type"": ""Polygon""}";Districte XVII (Poblats del Nord);Carpesa, Benifaraig, Massarrojos, Borbotó, Poble Nou, Casas de Bárcena, Mahuella-Tauladella, Rafalell-Vistabella;;;;;-1;0;-1;0;;8;
39.5471818913808, -0.3361801344629059;"{""coordinates"": [[[-0.3364021, 39.5531897, 0.0], [-0.3317672, 39.5517338, 0.0], [-0.3344709, 39.5465054, 0.0], [-0.3330118, 39.5459428, 0.0], [-0.3330976, 39.5449831, 0.0], [-0.3295356, 39.5441227, 0.0], [-0.3281624, 39.5436263, 0.0], [-0.3291065, 39.543163, 0.0], [-0.329879, 39.5436263, 0.0], [-0.3304798, 39.5430306, 0.0], [-0.3332693, 39.5439241, 0.0], [-0.3347284, 39.5419716, 0.0], [-0.3413803, 39.5441227, 0.0], [-0.3398782, 39.5463068, 0.0], [-0.3420669, 39.547432, 0.0], [-0.3403074, 39.549616, 0.0], [-0.3370029, 39.5482924, 0.0], [-0.3364021, 39.5495167, 0.0], [-0.3386766, 39.5502778, 0.0], [-0.3371746, 39.5527265, 0.0], [-0.3364021, 39.5531897, 0.0]]], ""type"": ""Polygon""}";Districte XVII (Poblats del nord);Carpesa, Benifaraig, Massarrojos, Borbotó, Poble Nou, Casas de Bárcena, Mahuella-Tauladella, Rafalell-Vistabella;;;;;-1;0;-1;0;;8;
39.560386833505554, -0.30136772455955235;"{""coordinates"": [[[-0.3157652, 39.5665137, 0.0], [-0.3158081, 39.5679032, 0.0], [-0.3117741, 39.5673739, 0.0], [-0.2958096, 39.5623121, 0.0], [-0.2850378, 39.5590366, 0.0], [-0.2923764, 39.5524521, 0.0], [-0.3166235, 39.5627091, 0.0], [-0.3157652, 39.5665137, 0.0]]], ""type"": ""Polygon""}";Districte XVII (Poblats del Nord);Carpesa, Benifaraig, Massarrojos, Borbotó, Poble Nou, Casas de Bárcena, Mahuella-Tauladella, Rafalell-Vistabella;;;;;-1;0;-1;0;;8;
39.34356413762355, -0.3421613352411661;"{""coordinates"": [[[-0.3597852, 39.4330913, 0.0], [-0.3407981, 39.4265325, 0.0], [-0.3366782, 39.4251402, 0.0], [-0.3350474, 39.4243113, 0.0], [-0.3342749, 39.4233501, 0.0], [-0.3324725, 39.4124094, 0.0], [-0.3280093, 39.395365, 0.0], [-0.3156497, 39.3592729, 0.0], [-0.2977111, 39.3199749, 0.0], [-0.2750518, 39.2791933, 0.0], [-0.2789602, 39.279166, 0.0], [-0.2927789, 39.283418, 0.0], [-0.3052243, 39.2992277, 0.0], [-0.3130349, 39.3032128, 0.0], [-0.3157815, 39.3034785, 0.0], [-0.3185281, 39.3026151, 0.0], [-0.3361537, 39.3015105, 0.0], [-0.357783, 39.2975253, 0.0], [-0.367396, 39.3001821, 0.0], [-0.3742625, 39.3062924, 0.0], [-0.3791644, 39.3097485, 0.0], [-0.381911, 39.313069, 0.0], [-0.3862025, 39.3129362, 0.0], [-0.3917719, 39.3137303, 0.0], [-0.3940989, 39.3161236, 0.0], [-0.3965785, 39.3193082, 0.0], [-0.3969218, 39.3251512, 0.0], [-0.3965022, 39.3284737, 0.0], [-0.3962351, 39.3323215, 0.0], [-0.3956439, 39.3363075, 0.0], [-0.3972651, 39.338429, 0.0], [-0.3971888, 39.3414853, 0.0], [-0.3954722, 39.344937, 0.0], [-0.3892924, 39.3467955, 0.0], [-0.3846575, 39.3494504, 0.0], [-0.3831126, 39.3519726, 0.0], [-0.3807093, 39.3546273, 0.0], [-0.3771044, 39.35476, 0.0], [-0.3719546, 39.3564856, 0.0], [-0.3671481, 39.3574147, 0.0], [-0.3661181, 39.3602019, 0.0], [-0.3625132, 39.3613964, 0.0], [-0.3575351, 39.3619273, 0.0], [-0.3542735, 39.3621928, 0.0], [-0.3544451, 39.3631218, 0.0], [-0.3356299, 39.3821207, 0.0], [-0.3515515, 39.3994336, 0.0], [-0.3494903, 39.4155571, 0.0], [-0.3502131, 39.4222201, 0.0], [-0.3574658, 39.4229826, 0.0], [-0.3578949, 39.4220792, 0.0], [-0.3591824, 39.4221041, 0.0], [-0.3593755, 39.4208443, 0.0], [-0.3587103, 39.4205874, 0.0], [-0.3586889, 39.4202062, 0.0], [-0.3601051, 39.419999, 0.0], [-0.3600085, 39.4196674, 0.0], [-0.3617788, 39.419195, 0.0], [-0.3648656, 39.4199825, 0.0], [-0.3646296, 39.4210434, 0.0], [-0.3729122, 39.4247895, 0.0], [-0.3721827, 39.4259829, 0.0], [-0.3728478, 39.426331, 0.0], [-0.3753799, 39.4267453, 0.0], [-0.3774478, 39.4273612, 0.0], [-0.3830268, 39.4308086, 0.0], [-0.3853791, 39.4321982, 0.0], [-0.3873961, 39.4328777, 0.0], [-0.388233, 39.4335241, 0.0], [-0.3872154, 39.4360331, 0.0], [-0.3699375, 39.4345542, 0.0], [-0.3597852, 39.4330913, 0.0]]], ""type"": ""Polygon""}";Districte XIX (Poblats del Sud);El Saler/Perollenet/El Palmar/Pinedo/La Punta/Forn d'Alcedo/Castellar-Oliveral.  Són localitats limítrofes al Districte XIX: Sedaví, Alfafar, Massanassa, Catarroja, Albal, Silla, Sollana, Sueca (Perelló).;;;;;-1;0;-1;0;;9;
39.441665066098025, -0.34894333398068345;"{""coordinates"": [[[-0.3575644, 39.4347028, 0.0], [-0.3695083, 39.4368345, 0.0], [-0.3689545, 39.4415268, 0.0], [-0.3654713, 39.441005, 0.0], [-0.3640479, 39.4436317, 0.0], [-0.3643346, 39.4463728, 0.0], [-0.3666384, 39.4467609, 0.0], [-0.3508265, 39.4534312, 0.0], [-0.3454443, 39.4517406, 0.0], [-0.3418646, 39.4512428, 0.0], [-0.3416794, 39.4538511, 0.0], [-0.3373743, 39.4544381, 0.0], [-0.3347226, 39.4548487, 0.0], [-0.3357083, 39.4484598, 0.0], [-0.3360929, 39.4422531, 0.0], [-0.3347174, 39.4418321, 0.0], [-0.3356594, 39.4377323, 0.0], [-0.3360242, 39.4348155, 0.0], [-0.3356487, 39.431882, 0.0], [-0.3354493, 39.4308388, 0.0], [-0.3359901, 39.4282045, 0.0], [-0.3361652, 39.4270006, 0.0], [-0.3417534, 39.4288491, 0.0], [-0.3575644, 39.4347028, 0.0]]], ""type"": ""Polygon""}";Districte XIX;El Saler/Perollenet/El Palmar/Pinedo/La Punta/Forn d'Alcedo/Castellar-Oliveral. Són localitats limítrofes al Districte XIX: Sedaví, Alfafar, Massanassa, Catarroja, Albal, Silla, Sollana, Sueca (Perelló).;;;;;-1;0;-1;0;;9;
39.473972881673134, -0.37692638043272786;"{""coordinates"": [[[-0.3833041, 39.4794313, 0.0], [-0.382875, 39.4803919, 0.0], [-0.3803, 39.4812862, 0.0], [-0.3776822, 39.480425, 0.0], [-0.3750644, 39.4790338, 0.0], [-0.3723178, 39.4778744, 0.0], [-0.3697, 39.4756881, 0.0], [-0.3667817, 39.4727067, 0.0], [-0.368155, 39.472276, 0.0], [-0.3683267, 39.4719779, 0.0], [-0.370687, 39.4698577, 0.0], [-0.3750739, 39.4670989, 0.0], [-0.3777251, 39.4677374, 0.0], [-0.3807119, 39.4685318, 0.0], [-0.3834329, 39.4702221, 0.0], [-0.3839479, 39.4718454, 0.0], [-0.3841195, 39.4763506, 0.0], [-0.3833041, 39.4794313, 0.0]]], ""type"": ""Polygon""}";Districte I;Guillem de Castro/Xàtiva/Colón/Justicia/Cauce Viejo del río/Guillem de Castro.                               (Los alumnos residentes en este distrito, pueden solicitar los centros públicos de los distritos II y III como centros de su;;;;;-1;0;-1;0;;1;
39.468523787840226, -0.38551462860834107;"{""coordinates"": [[[-0.3958133, 39.4750294, 0.0], [-0.3899934, 39.4776765, 0.0], [-0.3863026, 39.4787696, 0.0], [-0.3828261, 39.4805342, 0.0], [-0.3839852, 39.4768484, 0.0], [-0.3838136, 39.4735689, 0.0], [-0.3839479, 39.4718454, 0.0], [-0.3835775, 39.4706536, 0.0], [-0.3822901, 39.4694444, 0.0], [-0.3799955, 39.4682646, 0.0], [-0.3761862, 39.4673394, 0.0], [-0.37661, 39.4672069, 0.0], [-0.3785779, 39.4616255, 0.0], [-0.3807382, 39.455284, 0.0], [-0.382054, 39.4559099, 0.0], [-0.3852083, 39.4602836, 0.0], [-0.3933837, 39.4716972, 0.0], [-0.3943278, 39.4728732, 0.0], [-0.3958133, 39.4750294, 0.0]]], ""type"": ""Polygon""}";Districte III;Xàtiva/Guillem de Castro/Cauce Viejo del río/ Pérez Galdós/Giorgeta/Vía del Ferrocarril/Gibraltar/Alicante/Xàtiva. Incluye la Estación del Norte.;;;;;-1;0;-1;0;;1;
39.49533170233106, -0.37007502972490686;"{""coordinates"": [[[-0.3820983, 39.4902771, 0.0], [-0.3830209, 39.4931253, 0.0], [-0.3799954, 39.4938042, 0.0], [-0.3811756, 39.4972981, 0.0], [-0.3812399, 39.4987882, 0.0], [-0.3788581, 39.4993181, 0.0], [-0.3772059, 39.4994174, 0.0], [-0.3751031, 39.4994009, 0.0], [-0.3730217, 39.4990201, 0.0], [-0.3711548, 39.4984074, 0.0], [-0.3709617, 39.4987386, 0.0], [-0.3699747, 39.5002453, 0.0], [-0.3692022, 39.5013712, 0.0], [-0.3686658, 39.5024308, 0.0], [-0.3681508, 39.5034904, 0.0], [-0.3671423, 39.5031593, 0.0], [-0.3650179, 39.5019672, 0.0], [-0.3617135, 39.4996989, 0.0], [-0.3620997, 39.498275, 0.0], [-0.3613916, 39.4980763, 0.0], [-0.3608552, 39.4974802, 0.0], [-0.3596964, 39.4962218, 0.0], [-0.3585377, 39.4954932, 0.0], [-0.3579155, 39.4949965, 0.0], [-0.3572503, 39.4951455, 0.0], [-0.3563705, 39.4948474, 0.0], [-0.3583232, 39.4939698, 0.0], [-0.3684726, 39.4880084, 0.0], [-0.37388, 39.4921152, 0.0], [-0.3820983, 39.4902771, 0.0]]], ""type"": ""Polygon""}";Districte XV;Primado Reig, Av. Alfahuir, Límite Alboraya, Límite Tavernes Blanques, Av. Constitución, Av. Hermanos Machado, Camino de Moncada, Pedro Cabanes, Juan XXIII, Peset Alexandre, Primado Reig;;;;;-1;0;-1;0;;3;
39.4586132890314, -0.40020348353668744;"{""coordinates"": [[[-0.3959677, 39.4639459, 0.0], [-0.3944657, 39.4654036, 0.0], [-0.3955171, 39.4678884, 0.0], [-0.3901686, 39.4670354, 0.0], [-0.3869579, 39.4626486, 0.0], [-0.3879547, 39.4622243, 0.0], [-0.3874299, 39.461349, 0.0], [-0.388877, 39.4599431, 0.0], [-0.3883311, 39.4594936, 0.0], [-0.3949, 39.4500623, 0.0], [-0.3973017, 39.4519356, 0.0], [-0.3993879, 39.4536618, 0.0], [-0.405659, 39.4486423, 0.0], [-0.4104983, 39.4554082, 0.0], [-0.4130685, 39.4586917, 0.0], [-0.4143108, 39.460582, 0.0], [-0.4146959, 39.4612123, 0.0], [-0.4138365, 39.4624225, 0.0], [-0.4128549, 39.4631672, 0.0], [-0.4056611, 39.4634828, 0.0], [-0.3959677, 39.4639459, 0.0]]], ""type"": ""Polygon""}";Districte VIII;Tres Forques, Archiduque Carlos, Enguera, Av. del Cid, Pérez Galdós, Lladró i Malli, Callosa d'Ensarrià, Jesús, Gaspar Aguilar, Av. Mandingorra, Campos Crespo, Cauce Nuevo del Río, Límite Municipal, Tres Forques:;;;;;-1;0;-1;0;;4;
39.45372291776565, -0.36254094473359544;"{""coordinates"": [[[-0.3640479, 39.4436317, 0.0], [-0.3654713, 39.441005, 0.0], [-0.3689545, 39.4415268, 0.0], [-0.3683898, 39.4461499, 0.0], [-0.3756418, 39.456936, 0.0], [-0.3628101, 39.4624579, 0.0], [-0.3607195, 39.4622483, 0.0], [-0.3578326, 39.4594047, 0.0], [-0.3544852, 39.4583444, 0.0], [-0.3519961, 39.4564889, 0.0], [-0.3490779, 39.4550309, 0.0], [-0.3463313, 39.4539705, 0.0], [-0.3430054, 39.4534404, 0.0], [-0.3418771, 39.4535014, 0.0], [-0.3418646, 39.4512428, 0.0], [-0.3454443, 39.4517406, 0.0], [-0.3508265, 39.4534312, 0.0], [-0.3612894, 39.4489458, 0.0], [-0.3666384, 39.4467609, 0.0], [-0.3643346, 39.4463728, 0.0], [-0.3640479, 39.4436317, 0.0]]], ""type"": ""Polygon""}";Districte X-B;Peris i Valero/Ausias March/Cauce nuevo del río/Vía del ferrocarril/Cauce viejo del río/Antic Regne/Peris i Valero/Ausias March. Incluye Ciutat de les Arts i les Ciències i el Institut de Biomecànica.;;;;;-1;0;-1;0;;5;
39.452955777488505, -0.32239251375757505;"{""coordinates"": [[[-0.3385621, 39.4617369, 0.0], [-0.337221, 39.4629462, 0.0], [-0.3362232, 39.4642218, 0.0], [-0.3354936, 39.465547, 0.0], [-0.3351074, 39.4669054, 0.0], [-0.3348499, 39.4688269, 0.0], [-0.3345065, 39.4707815, 0.0], [-0.3340774, 39.4725042, 0.0], [-0.3336482, 39.4749887, 0.0], [-0.3332191, 39.4770094, 0.0], [-0.3326612, 39.4801562, 0.0], [-0.3321033, 39.4823093, 0.0], [-0.3314166, 39.4855221, 0.0], [-0.3298288, 39.4848597, 0.0], [-0.3282409, 39.4843297, 0.0], [-0.3259664, 39.4842304, 0.0], [-0.3229623, 39.4843629, 0.0], [-0.3225332, 39.4784007, 0.0], [-0.3218894, 39.469622, 0.0], [-0.3211168, 39.463294, 0.0], [-0.3163961, 39.4628468, 0.0], [-0.3165035, 39.4612399, 0.0], [-0.3213208, 39.4615133, 0.0], [-0.3227853, 39.4612854, 0.0], [-0.3235846, 39.4609416, 0.0], [-0.3250008, 39.4602873, 0.0], [-0.3262239, 39.4616374, 0.0], [-0.3285199, 39.461654, 0.0], [-0.3294855, 39.4615629, 0.0], [-0.3299361, 39.461273, 0.0], [-0.3308615, 39.4606248, 0.0], [-0.3304381, 39.4580957, 0.0], [-0.3296181, 39.4568755, 0.0], [-0.3280409, 39.4560968, 0.0], [-0.3242214, 39.4595718, 0.0], [-0.3228468, 39.4604627, 0.0], [-0.321151, 39.4607923, 0.0], [-0.3168644, 39.4605548, 0.0], [-0.315175, 39.457141, 0.0], [-0.3085516, 39.4598826, 0.0], [-0.3082794, 39.4626241, 0.0], [-0.3047064, 39.4607226, 0.0], [-0.3085001, 39.4590775, 0.0], [-0.3105524, 39.4549517, 0.0], [-0.312823, 39.453187, 0.0], [-0.3097643, 39.4510724, 0.0], [-0.3076907, 39.4507674, 0.0], [-0.3021692, 39.4492396, 0.0], [-0.3022051, 39.4417656, 0.0], [-0.3022785, 39.4354307, 0.0], [-0.3050554, 39.4354927, 0.0], [-0.3050733, 39.444499, 0.0], [-0.3088651, 39.4450271, 0.0], [-0.3105969, 39.4421416, 0.0], [-0.3128159, 39.4428664, 0.0], [-0.3108598, 39.4464037, 0.0], [-0.3089054, 39.4497795, 0.0], [-0.3081526, 39.4495432, 0.0], [-0.3080633, 39.4502304, 0.0], [-0.3099242, 39.4501507, 0.0], [-0.3136344, 39.4506932, 0.0], [-0.3132441, 39.447868, 0.0], [-0.3144051, 39.4463186, 0.0], [-0.3177549, 39.4509718, 0.0], [-0.3211639, 39.4556363, 0.0], [-0.3237252, 39.4586533, 0.0], [-0.3269305, 39.4555894, 0.0], [-0.3260637, 39.4549921, 0.0], [-0.3225049, 39.4539264, 0.0], [-0.3236207, 39.4527335, 0.0], [-0.3252729, 39.4531145, 0.0], [-0.3254661, 39.4524518, 0.0], [-0.325981, 39.4525844, 0.0], [-0.3260669, 39.4518719, 0.0], [-0.3201445, 39.4498836, 0.0], [-0.3212174, 39.4481604, 0.0], [-0.3251656, 39.449718, 0.0], [-0.3248652, 39.4462715, 0.0], [-0.3174409, 39.4438853, 0.0], [-0.3203591, 39.4374888, 0.0], [-0.3278693, 39.440074, 0.0], [-0.3303589, 39.4353011, 0.0], [-0.3149952, 39.4303292, 0.0], [-0.3123345, 39.4335783, 0.0], [-0.3090517, 39.430496, 0.0], [-0.3112029, 39.4259797, 0.0], [-0.3138688, 39.4225904, 0.0], [-0.3301625, 39.4277322, 0.0], [-0.3298313, 39.4304562, 0.0], [-0.3323695, 39.4314204, 0.0], [-0.332762, 39.4325583, 0.0], [-0.3341782, 39.4367429, 0.0], [-0.3338777, 39.4390464, 0.0], [-0.3317746, 39.4417311, 0.0], [-0.3299889, 39.4437521, 0.0], [-0.3266581, 39.445077, 0.0], [-0.3264769, 39.4469977, 0.0], [-0.3281102, 39.4500436, 0.0], [-0.3300984, 39.4561817, 0.0], [-0.3316286, 39.4579534, 0.0], [-0.3355902, 39.4608671, 0.0], [-0.3385621, 39.4617369, 0.0]]], ""type"": ""Polygon""}";Distrito XI.A;Serreria, M. Blas de Lezo, Lluís Peixo, Ingeniero Fausto Elio, Límite Alboraya, Playa, Dr. Marcos Sopena, JJ Domine, Av. Puerto, Serrería, Incluye Recinto del Puerto;;;;;-1;0;-1;0;;6;
39.44412808553111, -0.3233684205268096;"{""coordinates"": [[[-0.3385406, 39.4617535, 0.0], [-0.3369459, 39.4611995, 0.0], [-0.3326973, 39.4601434, 0.0], [-0.3309968, 39.4615164, 0.0], [-0.3300821, 39.4622546, 0.0], [-0.32926, 39.4627624, 0.0], [-0.3277868, 39.4630536, 0.0], [-0.3263136, 39.463146, 0.0], [-0.3240649, 39.4630465, 0.0], [-0.3246593, 39.4622262, 0.0], [-0.32291, 39.4625595, 0.0], [-0.3212787, 39.4627851, 0.0], [-0.3163746, 39.4628634, 0.0], [-0.316482, 39.4612565, 0.0], [-0.3182703, 39.4615428, 0.0], [-0.3212993, 39.4615299, 0.0], [-0.3227638, 39.461302, 0.0], [-0.3249705, 39.4603789, 0.0], [-0.3262024, 39.461654, 0.0], [-0.328334, 39.4616815, 0.0], [-0.329464, 39.4615795, 0.0], [-0.33084, 39.4606414, 0.0], [-0.3304871, 39.4583831, 0.0], [-0.3295966, 39.4568921, 0.0], [-0.3280194, 39.4561134, 0.0], [-0.3262438, 39.4575154, 0.0], [-0.3241999, 39.4595884, 0.0], [-0.3228253, 39.4604793, 0.0], [-0.3211295, 39.4608089, 0.0], [-0.3187366, 39.4607003, 0.0], [-0.3168429, 39.4605714, 0.0], [-0.3151535, 39.4571576, 0.0], [-0.3085301, 39.4598992, 0.0], [-0.3082579, 39.4626407, 0.0], [-0.3053961, 39.4613643, 0.0], [-0.3044912, 39.4607262, 0.0], [-0.3084786, 39.4590941, 0.0], [-0.3105309, 39.4549683, 0.0], [-0.3128015, 39.4532036, 0.0], [-0.3096667, 39.450946, 0.0], [-0.3076692, 39.450784, 0.0], [-0.3021477, 39.4492562, 0.0], [-0.3023338, 39.4355512, 0.0], [-0.3050016, 39.4352441, 0.0], [-0.3050518, 39.4445156, 0.0], [-0.3088436, 39.4450437, 0.0], [-0.3105754, 39.4421582, 0.0], [-0.3127944, 39.442883, 0.0], [-0.3088839, 39.4497961, 0.0], [-0.3081311, 39.4495598, 0.0], [-0.3080418, 39.450247, 0.0], [-0.3099027, 39.4501673, 0.0], [-0.3136129, 39.4507098, 0.0], [-0.3132226, 39.4478846, 0.0], [-0.3143773, 39.4461862, 0.0], [-0.3170615, 39.4499606, 0.0], [-0.3211424, 39.4556529, 0.0], [-0.3224981, 39.4576419, 0.0], [-0.3237037, 39.4586699, 0.0], [-0.326909, 39.455606, 0.0], [-0.3264745, 39.4552435, 0.0], [-0.3235134, 39.4544069, 0.0], [-0.3224834, 39.453943, 0.0], [-0.3235992, 39.4527501, 0.0], [-0.3252514, 39.4531311, 0.0], [-0.3254446, 39.4524684, 0.0], [-0.3259595, 39.452601, 0.0], [-0.3260454, 39.4518885, 0.0], [-0.320123, 39.4499002, 0.0], [-0.3211959, 39.448177, 0.0], [-0.3251441, 39.4497346, 0.0], [-0.3248437, 39.4462881, 0.0], [-0.3174194, 39.4439019, 0.0], [-0.3203376, 39.4375054, 0.0], [-0.3278478, 39.4400906, 0.0], [-0.3303374, 39.4353177, 0.0], [-0.3149737, 39.4303458, 0.0], [-0.312313, 39.4335949, 0.0], [-0.3090302, 39.4305126, 0.0], [-0.3111814, 39.4259963, 0.0], [-0.3138473, 39.422607, 0.0], [-0.3198361, 39.4243434, 0.0], [-0.3259969, 39.4265435, 0.0], [-0.3303556, 39.4257267, 0.0], [-0.3360531, 39.42736, 0.0], [-0.3354493, 39.4308388, 0.0], [-0.3359531, 39.4348296, 0.0], [-0.3356594, 39.4377323, 0.0], [-0.3347174, 39.4418321, 0.0], [-0.3360929, 39.4422531, 0.0], [-0.3359738, 39.4460239, 0.0], [-0.3347226, 39.4548487, 0.0], [-0.341499, 39.4541101, 0.0], [-0.340937, 39.4578447, 0.0], [-0.3439231, 39.4585317, 0.0], [-0.3385406, 39.4617535, 0.0]]], ""type"": ""Polygon""}";Distrito XI. B;Menorca, Ibiza, Av. del Puerto, Manuel Soto, Barrio de Nazaret, Cauce nuevo, Carrera al Riu, Vía Ferrocarril, Av. Francia, Menorca. Incluye el recinto del puerto.;;;;;-1;0;-1;0;;6;
39.47710540774877, -0.3622034975600806;"{""coordinates"": [[[-0.3549793, 39.4781879, 0.0], [-0.3541934, 39.4784239, 0.0], [-0.3515246, 39.4776372, 0.0], [-0.3526366, 39.4749859, 0.0], [-0.3552115, 39.4697103, 0.0], [-0.3583014, 39.4637385, 0.0], [-0.359031, 39.4645834, 0.0], [-0.3611982, 39.4691719, 0.0], [-0.3672064, 39.4766753, 0.0], [-0.3681505, 39.4771225, 0.0], [-0.371219, 39.4789278, 0.0], [-0.3742743, 39.4810358, 0.0], [-0.3737996, 39.4815222, 0.0], [-0.3731292, 39.4814932, 0.0], [-0.3703075, 39.4863125, 0.0], [-0.3685102, 39.4878733, 0.0], [-0.3636873, 39.484476, 0.0], [-0.3598679, 39.4816605, 0.0], [-0.3549793, 39.4781879, 0.0]]], ""type"": ""Polygon""}";Districte VI;Primaro Reig, Palància, Clariano, Cardenal Benlloch, Eduardo Boscà, Cauce viejo del Río, Almassora, Primado Reig. Inclou edifici de Policia Autonòmica i Palau de la Música.;;;;;-1;0;-1;0;;7;
39.526406964315576, -0.39340503705806207;"{""coordinates"": [[[-0.386451, 39.4977203, 0.0], [-0.3916501, 39.5026425, 0.0], [-0.39317, 39.5032358, 0.0], [-0.3946256, 39.5030178, 0.0], [-0.3986474, 39.5000693, 0.0], [-0.4015531, 39.4989586, 0.0], [-0.4034509, 39.5008445, 0.0], [-0.4036947, 39.5020363, 0.0], [-0.4035093, 39.5049499, 0.0], [-0.3997619, 39.508261, 0.0], [-0.3981454, 39.5078636, 0.0], [-0.3977842, 39.508559, 0.0], [-0.400427, 39.5107773, 0.0], [-0.4013962, 39.515214, 0.0], [-0.4055409, 39.5169689, 0.0], [-0.4044465, 39.5200807, 0.0], [-0.4051976, 39.5230602, 0.0], [-0.403094, 39.5266425, 0.0], [-0.4010015, 39.5270167, 0.0], [-0.3999981, 39.5283458, 0.0], [-0.3994535, 39.5324529, 0.0], [-0.4013488, 39.5329911, 0.0], [-0.4026433, 39.5328011, 0.0], [-0.4050606, 39.5349698, 0.0], [-0.4040234, 39.5366254, 0.0], [-0.4049603, 39.5384465, 0.0], [-0.4155066, 39.544577, 0.0], [-0.4194455, 39.552097, 0.0], [-0.42, 39.5540482, 0.0], [-0.4221534, 39.5584075, 0.0], [-0.4238347, 39.5596895, 0.0], [-0.4269537, 39.559466, 0.0], [-0.4283347, 39.5605328, 0.0], [-0.4261986, 39.563995, 0.0], [-0.4243199, 39.5676887, 0.0], [-0.423321, 39.5702327, 0.0], [-0.422837, 39.5726774, 0.0], [-0.4206753, 39.5712334, 0.0], [-0.4200366, 39.5701756, 0.0], [-0.4183044, 39.5673295, 0.0], [-0.4150975, 39.5651439, 0.0], [-0.4125034, 39.5640148, 0.0], [-0.413495, 39.5636092, 0.0], [-0.4117931, 39.5596039, 0.0], [-0.4094623, 39.5572506, 0.0], [-0.4082767, 39.5574574, 0.0], [-0.4062918, 39.5581439, 0.0], [-0.4030089, 39.5532304, 0.0], [-0.407069, 39.5516537, 0.0], [-0.408305, 39.5449585, 0.0], [-0.4058075, 39.5441207, 0.0], [-0.4023406, 39.5440118, 0.0], [-0.4004068, 39.5436122, 0.0], [-0.3994197, 39.5426773, 0.0], [-0.4010718, 39.5417589, 0.0], [-0.4040895, 39.5391685, 0.0], [-0.4027591, 39.5368518, 0.0], [-0.3985534, 39.5331448, 0.0], [-0.3955064, 39.5374806, 0.0], [-0.3879961, 39.5387714, 0.0], [-0.3843483, 39.5389699, 0.0], [-0.3816447, 39.5366863, 0.0], [-0.3798208, 39.5342371, 0.0], [-0.3738127, 39.5339723, 0.0], [-0.3738556, 39.5311588, 0.0], [-0.3747568, 39.5284777, 0.0], [-0.3729542, 39.5218818, 0.0], [-0.372096, 39.5180336, 0.0], [-0.3700361, 39.5147725, 0.0], [-0.3669461, 39.5125212, 0.0], [-0.3707227, 39.5101373, 0.0], [-0.3695211, 39.5070249, 0.0], [-0.3670534, 39.5056342, 0.0], [-0.3681746, 39.5038212, 0.0], [-0.3689954, 39.5019089, 0.0], [-0.3711948, 39.498581, 0.0], [-0.3729435, 39.4991274, 0.0], [-0.375143, 39.4995083, 0.0], [-0.3771389, 39.4995657, 0.0], [-0.3788659, 39.4994668, 0.0], [-0.386451, 39.4977203, 0.0]]], ""type"": ""Polygon""}";Districte XVII (Poblats del Nord);Carpesa, Benifaraig, Massarrojos, Borbotó, Poble Nou, Casas de Bárcena, Mahuella-Tauladella, Rafalell-Vistabella;;;;;-1;0;-1;0;;8;
