Codigo;Distrito;Barrio;Coordenadas;Linea_1;Linea_2;Linea_3;Linea_4;Linea_5;Linea_6;Linea_7;Linea_8;Linea_9;Bus_N2;Bus_7;Bus_11;Bus_92;Bus_8;Bus_N3;Bus_19;Bus_27;Bus_81;Bus_31;Bus_70;Bus_73;Bus_4;Bus_94;Bus_14;Bus_N4;Bus_9;Bus_32;Bus_16;Bus_99;Bus_6;Bus_N8;Bus_28;Bus_26;Bus_62;Bus_10;Bus_95;Bus_13;Bus_N5;Bus_72;Bus_15;Bus_N7;Bus_N9;Bus_18;Bus_98;Bus_N10;Bus_89;Bus_12;Bus_93;Bus_35;Bus_80;Bus_N1;Bus_63;Bus_N6;Bus_60;Bus_90;Bus_79;Bus_C1;Bus_25;Bus_30;Bus_40;Bus_24;Bus_71;Bus_67;Bus_64;Colegios;Alquiler_2022;Venta_2022;Espacios_verdes;Hospital_publico;Hospital_privado;Centro_salud_publico;Centro_salud_privado;Institutos;Gimnasio;Rate_Gimnasio;Biblioteca;Rate_Biblioteca;Cine;Rate_Cine;Museo;Rate_Museo;Restaurante;Rate_Restaurante;Supermercado;Rate_Supermercado
11;CIUTAT VELLA;LA SEU;39.47662037964932, -0.3751184490096387;0;0;1;1;1;0;1;0;1;0;0;0;1;0;0;1;0;0;1;0;0;0;1;1;0;0;1;1;1;0;0;0;1;1;0;1;0;0;0;1;0;1;0;0;0;0;0;0;0;0;1;0;0;0;0;0;0;0;0;0;0;0;0;0;1;13.2;3545;0;0;0;0;0;0;0;0.0;2;4.65;0;0.0;9;4.466666666666667;1;4.7;1;3.0
12;CIUTAT VELLA;LA XEREA;39.47414294396384, -0.3709325090236224;0;0;1;1;1;0;1;0;1;1;0;1;1;0;0;1;0;1;1;1;0;0;1;1;1;0;1;1;1;1;0;0;1;1;0;1;0;0;0;1;0;1;0;1;1;0;0;1;0;1;1;0;0;0;0;0;0;0;0;0;0;1;1;0;2;11.8;3393;0;0;0;1;0;0;0;0.0;1;4.1;0;0.0;8;4.3375;4;4.55;1;4.4
13;CIUTAT VELLA;EL CARME;39.47904419159029, -0.37998552713027123;1;0;0;1;0;0;0;0;0;0;0;0;0;0;1;0;0;0;0;0;1;0;0;0;0;1;1;1;0;0;0;0;0;1;0;0;0;0;0;1;1;0;0;0;0;0;0;0;0;0;0;0;0;0;0;0;0;0;0;0;0;0;1;0;2;11.5;2577;3;0;0;0;0;0;0;0.0;1;3.6;0;0.0;17;4.341176470588235;0;0.0;3;4.433333333333334
14;CIUTAT VELLA;EL PILAR;39.473244312116854, -0.38228815063662114;1;0;1;0;1;0;1;0;1;0;0;1;1;0;0;1;0;0;0;1;1;0;1;1;0;0;1;0;1;0;0;0;1;1;0;0;0;1;1;1;0;1;0;0;0;0;1;0;1;0;0;0;0;0;0;0;0;0;0;0;0;1;0;0;2;10.4;2533;0;0;0;0;0;0;1;4.8;0;0.0;0;0.0;2;5.0;0;0.0;2;3.8
15;CIUTAT VELLA;EL MERCAT;39.473830251826485, -0.37883249975860434;1;0;1;1;1;0;1;0;1;0;0;1;1;0;0;1;0;0;0;1;1;0;1;1;0;0;1;1;1;0;0;0;1;1;0;0;0;1;1;1;0;1;0;0;0;0;1;0;1;0;0;0;0;0;0;0;0;0;0;0;0;1;0;0;2;12.7;2757;0;0;0;0;0;0;0;0.0;1;;0;0.0;3;3.8666666666666667;4;4.55;3;4.166666666666667
16;CIUTAT VELLA;SANT FRANCESC;39.47010643870184, -0.37604898217912297;1;0;1;0;1;0;1;0;1;0;0;1;1;0;0;1;0;0;1;1;1;0;1;1;0;1;1;0;1;0;0;0;1;1;0;1;0;1;1;1;0;1;0;0;0;0;1;0;1;0;1;0;0;0;0;0;0;0;0;0;0;1;0;0;3;12.0;3417;5;0;0;0;0;0;2;4.95;2;3.5;3;4.266666666666667;9;;9;4.388888888888888;2;4.1
21;L'EIXAMPLE;RUSSAFA;39.461190528718575, -0.37369550895004494;1;0;1;0;1;0;1;0;1;0;0;1;1;0;0;1;0;0;1;0;0;0;1;1;0;1;1;0;1;0;0;0;1;1;0;0;0;0;0;1;0;1;0;0;0;0;0;0;0;0;1;0;0;0;0;0;0;0;0;0;0;0;0;0;1;10.6;2738;0;0;1;1;0;0;6;4.666666666666667;1;3.0;1;;4;;2;4.65;13;
22;L'EIXAMPLE;EL PLA DEL REMEI;39.46901556067295, -0.36896456017818646;0;0;1;0;1;0;1;0;1;0;0;0;1;0;0;1;0;0;1;0;0;0;1;1;1;0;1;0;1;0;0;0;1;1;0;1;0;0;0;1;0;1;0;1;1;0;0;0;0;0;1;0;0;0;0;0;0;0;0;0;0;0;1;0;2;11.2;4029;0;0;0;0;0;0;4;4.575;1;;1;4.0;0;0.0;2;4.3;1;3.3
23;L'EIXAMPLE;LA GRAN VIA;39.46554379797746, -0.3655204807447221;0;0;1;0;1;0;1;0;1;0;0;0;1;0;0;1;0;0;1;0;0;0;1;1;0;0;1;0;1;0;0;0;1;1;0;1;0;0;0;1;0;1;0;0;0;0;0;0;0;0;1;0;0;1;0;0;0;0;0;0;0;0;0;0;1;10.8;3237;0;0;0;0;0;0;0;0.0;0;0.0;0;0.0;0;0.0;0;0.0;0;0.0
31;EXTRAMURS;EL BOTANIC;39.4761345424724, -0.38596793151401054;1;0;1;0;1;0;0;0;1;0;0;0;0;0;0;0;0;0;0;1;1;0;0;1;0;0;1;0;0;0;0;0;0;0;0;0;0;1;1;1;0;0;0;0;0;0;1;0;1;0;0;0;0;0;0;0;0;0;0;0;0;1;0;0;2;10.0;2410;2;0;0;0;0;0;0;0.0;1;3.7;0;0.0;1;4.8;3;4.466666666666667;2;4.0
32;EXTRAMURS;LA ROQUETA;39.46650655401035, -0.38001908303572485;1;0;1;0;1;0;1;0;1;0;0;1;1;0;0;1;1;0;1;1;1;0;1;1;0;1;1;0;1;0;0;0;1;1;0;0;0;1;1;1;0;1;0;0;0;0;1;0;1;0;1;0;1;0;0;0;0;0;0;0;0;1;0;1;3;10.4;3044;0;0;0;0;0;0;1;4.5;0;0.0;1;5.0;0;0.0;0;0.0;2;4.0
33;EXTRAMURS;LA PETXINA;39.473565513491664, -0.3909817077545926;1;0;1;0;1;0;0;0;1;0;0;0;0;0;0;0;0;0;0;1;1;0;0;1;0;0;1;0;1;0;0;0;0;0;1;1;0;1;1;1;1;1;0;0;0;0;1;1;1;0;1;0;0;0;0;1;0;0;0;0;0;1;0;0;1;9.4;2238;1;0;0;1;0;0;1;4.5;1;1.8;2;4.8;0;0.0;2;4.6;4;4.074999999999999
34;EXTRAMURS;ARRANCAPINS;39.46409868430062, -0.38426520352944155;1;0;1;0;1;0;1;0;1;0;0;1;1;0;0;1;1;0;1;1;1;0;1;1;0;1;1;0;1;0;0;0;1;1;0;0;0;1;1;0;0;1;0;0;0;0;1;0;1;0;1;0;1;1;0;0;0;0;0;0;0;1;0;1;1;8.4;2263;6;0;0;1;0;0;1;4.5;1;3.4;2;;1;;1;4.4;5;4.140000000000001
41;CAMPANAR;CAMPANAR;39.4810529498831, -0.3942219586128439;1;0;0;1;0;0;0;0;0;1;0;0;1;0;0;0;1;0;0;0;0;1;0;0;0;1;1;0;0;0;1;0;0;0;0;0;0;0;0;1;0;0;0;0;0;1;0;0;0;0;0;0;1;0;0;0;0;0;1;0;0;1;0;0;1;8.0;2304;23;0;0;0;0;0;8;4.75;0;0.0;3;;0;0.0;1;4.7;5;4.1
42;CAMPANAR;LES TENDETES;39.48318800144057, -0.38580010009108046;1;0;0;1;0;0;0;0;0;1;0;0;1;0;1;1;1;0;1;0;1;1;0;1;0;1;1;1;0;0;1;0;0;1;0;0;0;0;0;1;1;0;0;0;0;1;0;0;0;0;1;0;1;0;0;0;0;0;1;0;0;1;1;0;1;9.0;1626;0;0;0;0;0;0;0;0.0;0;0.0;0;0.0;0;0.0;0;0.0;1;4.4
43;CAMPANAR;EL CALVARI;39.48698062011335, -0.3903436634766249;1;0;0;1;0;0;0;0;0;1;0;0;1;0;1;1;1;0;1;0;1;1;0;0;0;1;1;0;0;0;1;0;1;1;0;0;0;0;0;1;1;0;1;0;0;1;0;0;0;0;1;0;1;0;1;0;0;0;1;0;0;1;1;0;2;9.0;1808;1;0;0;0;0;0;0;0.0;0;0.0;0;0.0;0;0.0;1;4.7;3;4.1
44;CAMPANAR;SANT PAU;39.48666890167037, -0.4106078462016928;0;0;1;0;1;0;0;0;1;0;1;0;0;0;0;0;0;0;0;0;0;0;1;0;0;0;0;0;0;0;0;0;0;0;0;1;0;0;0;0;0;0;0;0;0;0;0;0;0;0;0;0;0;0;0;1;0;0;0;0;0;0;0;0;0;10.3;3032;15;1;1;1;0;0;4;4.875;1;2.9;0;0.0;0;0.0;6;;7;4.3428571428571425
51;LA SAÏDIA;MARXALENES;39.48596998286588, -0.3829999409817542;0;0;0;1;0;0;0;0;0;0;0;0;1;0;1;1;0;0;1;0;1;0;0;1;0;1;1;0;0;0;0;0;0;1;0;0;0;0;0;1;1;0;0;0;0;0;0;0;0;0;1;0;0;0;0;0;0;0;0;0;0;0;1;0;1;7.8;1877;0;0;0;0;0;0;1;4.8;1;3.9;0;0.0;1;4.5;0;0.0;3;4.133333333333334
52;LA SAÏDIA;MORVEDRE;39.48407373540526, -0.37477643841077435;0;0;1;1;0;1;0;0;1;0;1;0;1;0;1;1;0;0;1;0;1;0;0;1;0;1;0;1;1;0;0;0;0;1;1;0;0;0;0;0;1;0;1;0;0;0;0;0;0;0;1;0;0;0;0;0;0;0;0;0;0;0;1;0;2;7.8;1850;0;0;0;0;0;0;2;4.550000000000001;0;0.0;0;0.0;1;4.4;1;4.5;0;0.0
53;LA SAÏDIA;TRINITAT;39.481767234956955, -0.3688325087367651;0;0;1;1;1;1;1;0;1;1;1;1;1;0;1;1;0;1;1;1;0;0;1;1;0;1;1;1;1;1;0;0;0;1;1;1;1;0;0;0;1;1;1;0;1;0;0;1;0;1;1;1;0;0;0;0;0;1;0;0;1;1;0;0;1;8.4;2699;0;0;0;1;0;0;0;0.0;1;3.3;0;0.0;4;4.675;0;0.0;1;4.2
54;LA SAÏDIA;TORMOS;39.48929678522516, -0.37938896183925114;0;0;0;1;0;1;0;0;0;0;0;0;1;0;1;1;0;1;1;0;1;0;0;1;0;1;1;0;0;0;0;0;0;1;0;0;0;0;0;1;1;0;0;0;0;1;0;0;0;0;1;0;0;0;1;0;0;0;1;0;0;1;1;0;2;8.4;1550;0;0;0;1;0;0;1;4.3;0;0.0;0;0.0;0;0.0;0;0.0;1;5.0
55;LA SAÏDIA;SANT ANTONI;39.48870690959774, -0.3732265011470945;0;0;1;1;0;1;0;0;1;0;1;0;1;0;1;1;0;1;1;0;1;0;1;1;0;1;0;1;1;0;0;0;0;1;1;0;0;0;0;1;1;0;1;0;0;1;0;0;0;0;1;1;0;0;1;0;0;1;1;0;0;1;1;0;2;7.2;1709;0;0;0;0;0;0;0;0.0;0;0.0;0;0.0;0;0.0;0;0.0;3;4.2
61;EL PLA DEL REAL;EXPOSICIO;39.47613782154428, -0.36369036495284796;0;0;1;1;1;1;1;0;1;1;0;1;1;0;1;1;0;1;1;1;0;0;0;1;1;1;1;1;1;1;0;0;1;1;1;1;1;0;0;1;0;1;1;1;1;0;1;1;0;1;1;1;0;1;0;0;0;1;0;0;1;1;1;0;1;11.0;3342;0;0;1;0;0;0;2;5.0;4;;0;0.0;0;0.0;0;0.0;1;4.2
62;EL PLA DEL REAL;MESTALLA;39.470980320231476, -0.35884499108158013;0;0;1;0;1;0;1;0;1;1;0;1;1;0;0;1;0;1;1;1;0;0;0;1;1;0;1;0;1;1;0;0;1;1;0;1;0;0;0;1;0;1;0;1;1;1;1;1;0;1;1;0;0;1;0;0;0;0;0;0;0;1;1;0;1;9.7;2907;0;0;0;0;0;0;0;0.0;0;0.0;0;0.0;0;0.0;0;0.0;0;0.0
63;EL PLA DEL REAL;JAUME ROIG;39.481742814128985, -0.3630732531416209;0;0;1;1;1;1;1;0;1;1;1;1;1;0;1;1;0;1;1;1;0;0;1;1;0;1;1;1;1;1;0;0;0;1;1;1;1;0;0;0;1;1;1;0;1;0;0;1;0;1;1;1;0;0;0;0;0;1;0;0;1;1;0;0;2;9.2;2772;0;0;0;0;0;0;1;4.8;0;0.0;0;0.0;0;0.0;0;0.0;2;4.0
64;EL PLA DEL REAL;CIUTAT UNIVERSITARIA;39.478549681331515, -0.35862479497635336;0;0;1;1;1;1;1;0;1;1;0;1;1;0;1;1;0;1;1;1;0;1;1;1;1;1;1;0;1;1;1;0;0;1;1;1;1;0;0;0;0;1;1;1;1;1;1;1;0;1;1;1;0;1;0;0;0;1;0;0;1;1;1;0;2;10.0;2395;0;1;0;0;0;0;2;4.9;2;4.15;0;0.0;0;0.0;0;0.0;0;0.0
71;L'OLIVERETA;NOU MOLES;39.471386911180105, -0.39862052888641963;1;0;1;0;1;0;0;0;1;0;0;0;1;0;0;1;0;0;0;0;1;1;0;1;0;0;1;0;1;0;0;0;1;0;1;1;0;1;1;1;1;1;0;1;0;0;1;1;0;0;1;0;0;0;0;1;0;0;1;0;0;0;0;0;1;8.6;1617;0;0;0;1;0;0;2;4.85;0;0.0;1;;0;0.0;1;4.1;5;4.26
72;L'OLIVERETA;SOTERNES;39.47094412695481, -0.4097379173687881;0;0;1;0;1;0;0;0;1;0;0;0;1;0;0;1;0;0;0;0;0;1;0;0;0;0;1;0;1;0;0;0;1;1;1;1;0;0;0;0;1;1;0;1;0;0;1;1;0;0;1;0;0;0;0;1;0;0;1;0;0;0;1;0;1;8.6;1631;0;0;0;0;0;0;0;0.0;0;0.0;0;0.0;1;4.5;0;0.0;2;
73;L'OLIVERETA;TRES FORQUES;39.4663645148559, -0.4008986548457985;0;0;1;0;1;0;0;0;1;0;0;0;1;0;0;1;0;0;0;0;0;1;0;0;0;0;1;0;1;0;0;0;1;0;1;1;0;0;0;0;1;1;0;1;0;0;1;1;0;0;1;0;0;0;0;1;0;0;1;0;0;0;0;0;2;8.6;1332;0;0;0;0;0;0;0;0.0;2;4.1;1;;0;0.0;0;0.0;0;0.0
74;L'OLIVERETA;LA FONTSANTA;39.466238652455864, -0.4085597114552908;0;0;1;0;1;0;0;0;1;0;0;0;1;0;0;1;0;0;0;0;0;1;0;0;0;0;1;0;1;0;0;0;1;1;1;1;0;0;0;0;1;1;0;1;0;0;1;1;0;0;1;0;0;0;0;1;0;0;1;0;0;0;1;0;1;8.6;1103;0;1;0;1;0;0;0;0.0;1;3.4;0;0.0;0;0.0;0;0.0;0;0.0
75;L'OLIVERETA;LA LLUM;39.468125657907095, -0.41307683557477315;0;0;1;0;1;0;0;0;1;0;0;0;1;0;0;1;0;0;0;0;0;1;0;0;0;0;0;0;0;0;0;0;1;1;0;0;0;0;0;0;0;1;0;1;0;0;0;1;0;0;0;0;0;0;0;0;0;0;1;0;0;0;1;0;1;8.6;1322;0;0;0;0;0;0;1;5.0;0;0.0;0;0.0;0;0.0;0;0.0;0;0.0
81;PATRAIX;PATRAIX;39.46271196263646, -0.3918698124084579;1;0;1;0;1;0;1;0;1;0;0;1;1;0;0;1;1;0;0;1;1;0;0;1;0;1;1;0;1;0;0;0;0;1;1;1;0;1;1;0;1;1;0;0;0;0;1;1;1;0;1;0;1;1;0;1;0;0;0;0;0;1;0;1;1;8.0;1918;12;0;0;0;0;0;2;4.35;1;3.5;0;0.0;0;0.0;1;4.4;2;4.25
82;PATRAIX;SANT ISIDRE;39.453194211984716, -0.4039233255365732;1;0;1;0;0;0;1;0;0;0;0;0;0;0;0;0;0;0;0;0;0;0;0;1;0;0;0;0;0;0;0;0;0;1;0;0;0;0;0;0;0;0;0;1;0;0;0;1;0;0;0;0;0;0;0;0;0;0;0;0;0;0;0;0;1;8.0;1655;3;0;0;1;0;0;1;5.0;0;0.0;0;0.0;0;0.0;0;0.0;0;0.0
83;PATRAIX;VARA DE QUART;39.45954135019678, -0.40689746128788384;1;0;1;0;0;0;1;0;0;0;0;0;0;0;0;0;0;0;0;0;0;0;0;1;0;0;0;0;0;0;0;0;0;1;0;0;0;0;0;0;0;0;0;1;0;0;0;1;0;0;0;0;0;0;0;0;0;0;0;0;0;0;0;0;2;7.4;1616;8;0;0;0;0;0;1;4.9;0;0.0;0;0.0;0;0.0;0;0.0;2;4.2
84;PATRAIX;SAFRANAR;39.458426102792586, -0.39687555307572575;1;0;1;0;0;0;1;0;0;0;0;0;0;0;0;0;0;0;0;0;1;0;0;1;0;1;0;0;0;0;0;0;0;1;0;0;0;0;0;0;0;0;0;1;0;0;0;1;0;0;0;0;1;1;0;0;0;0;0;0;0;0;0;0;1;8.0;1791;8;0;0;0;0;0;0;0.0;0;0.0;0;0.0;0;0.0;0;0.0;0;0.0
85;PATRAIX;FAVARA;39.45376465869734, -0.3947661938942533;1;0;1;0;0;0;1;0;0;0;0;0;0;0;0;0;0;0;0;0;1;0;0;1;0;1;0;0;0;0;0;0;0;1;0;0;0;0;0;0;0;0;0;1;0;0;0;1;0;0;0;0;1;1;0;0;0;0;0;0;0;0;0;0;2;8.0;1550;0;2;0;0;0;0;0;0.0;0;0.0;0;0.0;0;0.0;1;4.4;0;0.0
91;JESUS;LA RAIOSA;39.457570450122276, -0.38606114759378063;1;0;1;0;0;0;1;0;0;0;0;1;1;0;0;1;1;0;1;0;1;0;0;1;0;1;1;0;0;0;0;0;0;1;0;0;0;0;0;0;0;0;0;0;0;0;0;0;0;0;1;0;1;1;0;0;0;0;0;0;0;0;0;1;1;7.3;1796;0;0;1;0;0;0;1;4.4;1;3.0;0;0.0;0;0.0;0;0.0;1;2.5
92;JESUS;L'HORT DE SENABRE;39.45150389137292, -0.3908055431292061;1;0;1;0;0;0;1;0;0;0;0;0;1;0;0;1;1;0;0;0;1;0;0;0;0;1;0;0;0;0;0;0;0;1;0;0;0;0;0;0;0;0;0;1;0;0;0;1;0;0;1;0;1;1;0;0;0;0;0;0;0;0;0;1;1;7.9;1474;0;0;0;1;0;0;1;4.5;0;0.0;1;;0;0.0;3;4.533333333333333;3;4.266666666666667
93;JESUS;LA CREU COBERTA;39.450827507483346, -0.3853982961775012;1;0;1;0;0;0;1;0;0;0;0;0;1;0;0;1;1;0;0;0;1;0;0;0;0;1;0;0;0;0;0;0;0;1;0;0;0;0;0;0;0;0;0;0;0;0;0;0;0;0;1;0;1;1;0;0;0;0;0;0;0;0;0;1;1;7.9;1545;0;0;0;0;0;0;2;4.9;0;0.0;0;0.0;0;0.0;0;0.0;2;4.300000000000001
94;JESUS;SANT MARCEL.LI;39.44497017390366, -0.3900252260136303;0;0;0;0;0;0;0;0;0;0;0;0;0;0;0;0;0;0;0;0;0;0;0;0;0;0;0;0;0;0;0;0;0;0;0;0;0;0;0;0;0;0;0;0;0;0;0;0;0;0;0;0;0;0;0;0;0;0;0;0;0;0;0;0;1;7.3;1441;8;0;0;1;0;0;0;0.0;0;0.0;0;0.0;0;0.0;0;0.0;1;3.8
95;JESUS;CAMI REAL;39.444923386302975, -0.3955504239149909;0;0;0;0;0;0;0;0;0;0;0;0;0;0;0;0;0;0;0;0;0;0;0;0;0;0;0;0;0;0;0;0;0;0;0;0;0;0;0;0;0;0;0;0;0;0;0;0;0;0;0;0;0;0;0;0;0;0;0;0;0;0;0;0;1;7.9;1261;5;0;0;0;0;0;0;0.0;0;0.0;0;0.0;0;0.0;0;0.0;1;4.2
101;QUATRE CARRERES;MONTOLIVET;39.45938040111878, -0.3634937426230125;0;0;0;0;0;0;0;0;0;0;0;0;0;0;0;0;0;0;0;0;0;0;0;0;0;0;0;0;0;0;0;0;0;0;0;0;0;0;0;0;0;0;0;0;0;0;0;0;0;0;0;0;0;0;0;0;0;0;0;0;0;0;0;0;2;8.2;1886;0;0;0;1;0;0;1;4.8;0;0.0;0;0.0;1;4.5;0;0.0;7;
102;QUATRE CARRERES;EN CORTS;39.45580097451327, -0.3711469685799005;0;0;1;0;0;0;1;0;0;0;0;0;0;0;0;0;0;0;0;0;0;0;0;1;0;1;0;0;0;0;0;0;0;0;0;0;0;0;0;0;0;0;0;0;0;0;0;0;0;0;0;0;0;0;0;0;0;0;0;0;0;0;0;0;2;8.8;1950;2;0;0;0;0;0;0;0.0;0;0.0;0;0.0;0;0.0;0;0.0;2;3.35
103;QUATRE CARRERES;MALILLA;39.44475178989505, -0.3771845963876174;0;0;0;0;0;0;0;0;0;0;0;0;0;0;0;0;0;0;0;0;0;0;0;0;0;0;0;0;0;0;0;0;0;0;0;0;0;0;0;0;0;0;0;0;0;0;0;0;0;0;0;0;0;0;0;0;0;0;0;0;0;0;0;0;1;8.7;1999;14;1;0;1;0;0;2;4.85;1;3.3;0;0.0;0;0.0;0;0.0;3;4.266666666666667
104;QUATRE CARRERES;LA FONTETA S.LLUIS;39.44426547237771, -0.36721532441233423;0;0;0;0;0;0;0;0;0;0;0;0;0;0;0;0;0;0;0;0;0;0;0;0;0;0;0;0;0;0;0;0;0;0;0;0;0;0;0;0;0;0;0;0;0;0;0;0;0;0;0;0;0;0;0;0;0;0;0;0;0;0;0;0;1;8.8;1370;0;0;0;0;0;0;0;0.0;0;0.0;0;0.0;0;0.0;0;0.0;0;0.0
105;QUATRE CARRERES;NA ROVELLA;39.45287103221434, -0.3659376655648465;0;0;0;0;0;0;0;0;0;0;0;0;0;0;0;0;0;0;0;0;0;0;0;0;0;0;0;0;0;0;0;0;0;0;0;0;0;0;0;0;0;0;0;0;0;0;0;0;0;0;0;0;0;0;0;0;0;0;0;0;0;0;0;0;1;8.2;1501;11;0;0;1;0;0;0;0.0;1;3.2;0;0.0;0;0.0;0;0.0;0;0.0
106;QUATRE CARRERES;LA PUNTA;39.441475678792095, -0.3494480667451269;0;0;0;0;0;0;0;0;0;0;0;0;0;0;0;0;0;0;0;0;0;0;0;0;0;0;0;0;0;0;0;0;0;0;0;0;0;0;0;0;0;0;0;0;0;0;0;0;0;0;0;0;0;0;0;0;0;0;0;0;0;0;0;0;0;9.7;1967;0;0;0;0;0;0;0;0.0;0;0.0;0;0.0;0;0.0;2;4.5;1;4.1
107;QUATRE CARRERES;CIUTAT DE LES ARTS I DE LES CIENCIES;39.453844001628646, -0.3568539421542946;0;0;0;0;0;0;0;0;0;0;0;0;0;0;0;0;0;0;0;0;0;0;0;0;0;0;0;0;0;0;0;0;0;0;0;0;0;0;0;0;0;0;0;0;0;0;0;0;0;0;0;0;0;0;0;0;0;0;0;0;0;0;0;0;1;9.9;2638;2;0;0;0;0;0;1;4.3;1;2.3;3;;3;4.533333333333334;4;3.95;3;3.466666666666667
111;POBLATS MARÍTIMS;EL GRAU;39.443754019755914, -0.32370631328181;0;0;0;0;0;0;0;0;0;0;0;0;0;0;0;0;0;0;0;0;0;0;0;0;0;0;0;0;0;0;0;0;0;0;0;0;0;0;0;0;0;0;0;0;0;0;0;0;0;0;0;0;0;0;0;0;0;0;0;0;0;0;0;0;0;10.2;1969;0;0;0;0;0;0;6;;1;3.3;0;0.0;2;;26;;8;
112;POBLATS MARÍTIMS;CABANYAL-CANYAMELAR;39.46879027490531, -0.3292224450471482;0;0;0;1;1;1;1;0;1;1;1;1;1;0;1;1;1;0;1;1;0;0;0;0;0;1;1;1;0;1;0;0;1;0;1;0;1;0;0;0;1;0;0;1;0;1;1;1;0;0;1;1;1;1;1;1;0;0;0;0;0;1;1;0;0;11.5;2094;0;0;0;1;0;0;7;;2;4.15;0;0.0;8;;59;4.322033898305084;17;
113;POBLATS MARÍTIMS;LA MALVA-ROSA;39.479689301253565, -0.32841140030679933;0;0;0;1;0;1;0;0;0;1;1;1;1;0;1;0;1;0;0;0;0;0;0;0;0;1;1;0;0;0;0;0;0;0;1;0;1;0;0;0;1;0;0;0;0;1;0;1;0;0;1;1;1;0;0;1;0;0;0;0;0;1;1;0;0;9.7;1820;0;2;0;1;0;0;6;4.683333333333334;1;;0;0.0;1;4.3;10;4.359999999999999;3;4.3
114;POBLATS MARÍTIMS;BETERO;39.47197229403962, -0.33623507133702984;0;0;0;1;1;1;1;0;1;1;1;1;1;0;1;0;1;1;1;1;0;0;0;0;0;1;1;1;0;1;0;0;1;0;1;0;1;0;0;0;1;0;0;1;0;1;0;1;0;0;1;1;1;1;1;1;0;0;1;0;0;1;1;0;1;11.5;2099;0;0;0;0;0;0;3;4.8;0;0.0;0;0.0;0;0.0;1;4.5;0;0.0
115;POBLATS MARÍTIMS;NATZARET;39.44628964870907, -0.3326600366971329;0;0;0;0;0;0;0;0;0;0;0;0;0;0;0;0;0;0;0;0;0;0;0;0;0;0;0;0;0;0;0;0;0;0;0;0;0;0;0;0;0;0;0;0;0;0;0;0;0;0;0;0;0;0;0;0;0;0;0;0;0;0;0;0;0;10.2;1161;0;0;0;1;0;0;0;0.0;1;4.3;0;0.0;0;0.0;0;0.0;2;
121;CAMINS AL GRAU;AIORA;39.46573283778116, -0.34335984023183125;0;0;0;0;1;1;1;0;1;1;0;0;0;0;0;0;0;1;1;1;0;0;0;0;0;0;0;1;0;1;0;0;1;0;0;0;0;0;0;0;0;0;0;1;0;1;0;0;0;0;1;0;0;1;1;0;0;0;1;0;0;1;0;0;1;9.4;1894;11;0;0;0;0;0;1;5.0;1;4.2;0;0.0;1;;0;0.0;9;3.4555555555555553
122;CAMINS AL GRAU;ALBORS;39.4685360289242, -0.3527590074283793;0;0;0;0;1;0;1;0;0;1;0;0;0;0;0;0;0;1;1;1;0;0;0;1;1;0;0;0;0;0;0;0;1;0;0;0;0;0;0;0;0;0;0;1;1;1;1;0;0;0;1;0;0;1;1;0;0;0;1;0;0;1;1;0;1;9.3;1864;4;0;1;1;0;0;2;4.1;0;0.0;0;0.0;0;0.0;0;0.0;4;4.3
123;CAMINS AL GRAU;LA CREU DEL GRAU;39.461734959527824, -0.3450156161318152;0;0;0;0;1;1;1;0;1;1;0;0;0;0;0;0;0;1;1;1;0;0;0;0;0;0;0;1;0;1;0;0;0;0;0;0;0;0;0;0;0;0;0;0;0;1;0;0;0;0;1;0;0;1;1;0;0;0;1;0;0;1;0;0;1;9.3;1856;0;0;0;1;0;0;4;4.65;1;;0;0.0;0;0.0;0;0.0;3;4.466666666666666
124;CAMINS AL GRAU;CAMI FONDO;39.46486000543777, -0.3532112628374005;0;0;0;0;1;0;1;0;0;1;0;0;0;0;0;0;0;0;0;0;0;0;0;0;0;0;0;0;0;0;0;0;1;0;0;0;0;0;0;0;0;0;0;1;0;1;0;0;0;0;0;0;0;1;0;0;0;0;0;0;0;0;0;0;1;10.3;1893;0;0;0;0;0;0;1;3.7;0;0.0;0;0.0;0;0.0;0;0.0;2;4.449999999999999
125;CAMINS AL GRAU;PENYA-ROJA;39.45917864333918, -0.3498495954945056;0;0;0;0;1;0;1;0;0;0;0;0;0;0;0;0;0;1;1;0;0;0;0;0;0;0;0;0;0;0;0;0;0;0;0;0;0;0;0;0;0;0;0;0;0;1;0;0;0;0;1;0;0;0;1;0;0;0;1;0;0;1;0;0;1;9.8;3429;0;0;0;0;0;0;7;4.542857142857144;0;0.0;1;4.2;0;0.0;2;4.25;1;4.4
131;ALGIRÓS;L'ILLA PERDUDA;39.46888289256521, -0.3396388576585411;0;0;0;1;1;1;1;0;1;1;0;0;1;0;0;0;0;1;1;1;0;0;0;0;0;0;0;1;0;1;0;0;1;0;0;0;0;0;0;0;0;0;0;1;0;1;0;1;0;0;1;0;0;1;1;1;0;0;1;0;0;1;0;0;2;9.4;2094;0;0;0;2;0;0;0;0.0;0;0.0;0;0.0;0;0.0;0;0.0;2;4.6
132;ALGIRÓS;CIUTAT JARDI;39.471984315537895, -0.3450427029615463;0;0;0;1;1;1;1;0;0;1;0;0;0;0;0;0;0;1;1;0;0;0;0;1;0;0;0;1;0;0;0;0;1;0;0;0;0;0;0;0;0;0;0;1;0;1;0;0;0;0;1;0;0;0;1;0;0;0;1;0;0;1;0;0;2;9.2;2118;0;0;0;0;0;0;3;4.766666666666667;0;0.0;0;0.0;0;0.0;0;0.0;2;4.4
133;ALGIRÓS;L'AMISTAT;39.47266145515942, -0.3510313310016864;0;0;1;1;1;1;1;0;1;1;0;0;1;0;0;0;0;1;1;1;0;1;0;1;1;0;0;0;1;0;1;0;1;0;0;0;0;0;0;0;0;0;0;1;1;1;1;0;0;0;1;0;0;1;1;0;0;0;1;0;0;1;1;0;1;9.4;1946;0;0;0;1;0;0;0;0.0;1;3.4;0;0.0;0;0.0;0;0.0;3;4.2
134;ALGIRÓS;LA VEGA BAIXA;39.47631133285408, -0.34996722216482445;0;0;1;1;1;1;1;0;1;1;0;1;1;0;0;0;0;1;1;1;0;1;0;1;1;0;1;1;1;1;1;0;1;0;0;0;0;0;0;0;0;0;0;1;1;1;1;1;0;1;0;0;0;1;0;0;0;0;0;0;0;1;1;0;2;9.4;2221;0;0;0;0;0;0;4;4.075;1;4.4;0;0.0;0;0.0;0;0.0;5;4.24
135;ALGIRÓS;LA CARRASCA;39.480358052427064, -0.3410905938386987;0;0;0;1;0;1;0;0;0;1;0;0;1;0;0;0;0;0;0;0;0;1;0;1;0;0;0;1;0;0;1;0;0;0;0;0;0;0;0;0;0;0;0;0;0;1;0;0;0;0;0;0;0;0;0;0;0;0;0;0;0;0;0;0;1;9.4;2566;0;0;0;0;0;0;6;4.333333333333333;11;;0;0.0;1;4.2;0;0.0;1;4.0
141;BENIMACLET;BENIMACLET;39.48459772465629, -0.35940493903414494;0;0;1;1;0;1;0;0;1;1;1;1;1;0;1;1;0;1;1;1;0;1;1;1;0;1;1;0;1;1;1;0;0;1;1;1;1;0;0;1;1;1;1;1;1;0;0;1;0;1;0;1;0;0;1;0;0;1;0;0;1;1;0;0;2;8.9;2039;16;0;0;1;0;0;4;4.725;2;3.9000000000000004;1;;2;4.4;0;0.0;2;4.0
142;BENIMACLET;CAMI DE VERA;39.48736994071913, -0.35238807559570934;0;0;1;1;0;1;0;0;1;0;0;1;1;0;0;0;0;0;0;0;0;1;0;0;0;0;0;0;1;0;1;0;0;0;0;1;1;0;0;1;0;1;0;1;1;0;0;0;0;0;0;0;0;0;1;0;0;1;0;0;1;0;0;0;1;8.9;2068;0;0;0;0;0;0;0;0.0;0;0.0;0;0.0;0;0.0;0;0.0;0;0.0
151;RASCANYA;ELS ORRIOLS;39.4943121229114, -0.3699310988383475;0;0;0;1;0;1;0;0;0;0;1;0;0;0;0;0;0;1;1;0;0;0;0;1;0;0;0;0;0;0;0;0;0;0;0;0;0;0;0;1;1;0;0;0;0;1;0;0;0;0;1;0;0;0;1;0;0;1;1;0;0;1;0;0;1;8.7;1170;12;0;0;0;0;0;1;4.9;3;4.233333333333333;0;0.0;0;0.0;0;0.0;7;
152;RASCANYA;TORREFIEL;39.495198002614536, -0.37693209516025145;0;0;0;1;0;1;0;0;0;0;0;0;0;0;1;0;0;1;1;0;1;0;0;1;0;1;0;0;0;0;0;0;0;1;0;0;0;0;0;1;1;0;0;0;0;1;0;0;0;0;1;0;0;0;1;0;0;1;1;0;0;1;1;0;2;3.0;1428;9;0;0;2;0;0;2;4.95;2;;0;0.0;0;0.0;3;4.433333333333334;10;4.270000000000001
153;RASCANYA;SANT LLORENS;39.49635509681187, -0.3628212640204482;0;0;1;0;0;1;0;0;1;0;1;1;0;0;0;0;0;1;1;0;0;0;0;0;0;0;0;0;1;0;0;0;0;0;0;1;1;0;0;1;1;1;0;1;1;1;0;0;0;0;1;0;0;0;1;0;0;1;1;0;1;1;0;0;1;9.6;2594;0;0;0;0;0;0;5;4.64;0;0.0;0;0.0;0;0.0;0;0.0;2;4.2
161;BENICALAP;BENICALAP;39.49300564092164, -0.39100220456760076;1;0;0;1;0;0;0;0;0;1;0;0;1;0;0;1;0;0;1;0;0;0;0;0;0;0;1;1;0;0;0;0;1;0;0;0;0;0;0;1;0;0;1;0;0;1;0;0;0;0;1;0;0;0;1;0;0;0;0;0;0;1;0;0;1;9.8;1602;20;0;0;3;0;0;13;4.7846153846153845;1;2.9;1;4.4;0;0.0;9;4.177777777777778;14;4.171428571428572
162;BENICALAP;CIUTAT FALLERA;39.4996374884818, -0.3950550502555336;1;0;0;1;0;0;0;0;0;1;0;0;1;0;0;1;0;0;1;0;0;1;0;0;0;1;0;1;0;0;1;0;1;0;0;0;0;0;0;0;0;0;0;1;0;0;0;0;0;0;1;0;0;0;0;0;0;0;1;0;0;0;0;0;1;8.7;1301;6;0;0;0;0;0;5;;1;4.6;0;0.0;1;4.3;2;4.25;1;4.2
