Name;Category;Province;City;Rating;Coordenadas
Parque de barras - calistenia JESDIE;Gimnasio;Valencia;Valencia;4,3;39.5012156, -0.4144272
Gimnasio McFIT;Centro deportivo;Valencia;Burjasot;4,0;39.4989307, -0.4082488
Activaclub Nou Mestalla;Spa y gimnasio;Valencia;Valencia;3,9;39.4910556, -0.3988613
Polideportivo Benimàmet;Centro deportivo;Valencia;Valencia;3,8;39.4987433, -0.4265999
Shen Men;Centro de pilates;Valencia;Valencia;5,0;39.501855, -0.4253083
Club Atzar de Gimnasia Rítmica;Gimnasio;València;Valencia;4,9;39.5014884, -0.4257866
Sano Meliá Valencia;Gimnasio;Valencia;Valencia;5,0;39.4947275, -0.400812
Wings Fitness Lounge;Gimnasio;Valencia;Paterna;4,9;39.5112304, -0.4303292
Studio WS Entrenamiento funcional;Gimnasio;Valencia;Valencia;4,8;39.4954564, -0.3979148
"Move Mind&amp;Body. Boutique de Crosstraining y Estudio Pilates.";Boutique;Valencia;Valencia;5,0;39.4952627, -0.4003128
Viking Centro (P.F.D.R);Gimnasio;Valencia;Burjasot;5,0;39.5123018, -0.412646
Real Life Fitness;Gimnasio;Valencia;Paterna;4,8;39.5188661, -0.430287
Torettos Fitness;Entrenador personal;Valencia;Paterna;5,0;39.4981289, -0.4331042
Fitness Fabra Gym Valencia;Gimnasio;Valencia;Valencia;4,6;39.4912378, -0.3874172
Forma Sport AV Burjassot;Gimnasio;Valencia;Valencia;2,8;39.4962153, -0.3976711
Parque de deporte;Gimnasio;Valencia;Valencia;;39.5013312, -0.4152186
Basic-Fit Valencia Avenida Burjassot;Gimnasio;Valencia;Valencia;4,7;39.4917792, -0.3929678
Federación valenciana de lucha;Gimnasio;Valencia;Valencia;5,0;39.5005645, -0.4278124
"Gimnasio Academia Ogeng Kim&apos;s";Gimnasio;Valencia;Paterna;5,0;39.5001436, -0.4425235
Gimnasio Koshiki;Gimnasio;Valencia;Burjasot;5,0;39.514927, -0.4160444
Rivfit Gym;Gimnasio;Valencia;Paterna;5,0;39.5093139, -0.4497173
Vero Training;Clínica especializada;Valencia;Valencia;4,9;39.4927557, -0.4003317
Vivagym Godella | Gimnasio en Valencia;Gimnasio;Valencia;Godella;4,2;39.5246162, -0.4260293
Submission Fight Club;Gimnasio;Valencia;Burjasot;5,0;39.5124398, -0.4152152
CrossFit VLC;Centro deportivo;Valencia;Valencia;4,9;39.478673, -0.404412
Gimnasio AltaFit Valencia Campanar;Gimnasio;Valencia;Valencia;4,3;39.4800689, -0.3928903
Taz BJJ Central;Escuela de artes marciales;Valencia;Valencia;5,0;39.500709, -0.4274303
Instalaciones Deportivas de Paterna;Gimnasio;Valencia;Paterna;4,5;39.5009995, -0.4457176
ruben.personaltrainer;Entrenador personal;Valencia;Valencia;4,9;39.4905923, -0.4019378
"Parque de BARRAS - CALISTENIA &quot;Benicalap&quot;";Gimnasio;Valencia;Valencia;4,5;39.4928428, -0.3858783
Pickleball Valencia;Centro deportivo;Valencia;Valencia;4,7;39.498907, -0.4268034
Training Max;Entrenador personal;Valencia;Paterna;5,0;39.4993136, -0.4423933
Silentfitness Valencia;Centro deportivo;Valencia;Valencia;5,0;39.4733018, -0.3657988
3D Valencia Centro Deportivo;Gimnasio;València;Valencia;5,0;39.4869585, -0.3685247
Ivantrainer2.0;Entrenador personal;Valencia;Burjasot;4,4;39.5078845, -0.4088544
Dreamfit València;Gimnasio;Valencia;Valencia;4,1;39.4654355, -0.4132136
Full CrossFit;Gimnasio;Valencia;Valencia;4,7;39.485639, -0.3612328
MONKEY PULL primitive training;Gimnasio;Valencia;Valencia;4,8;39.4782173, -0.3934883
Tyris Spa + Fitness;Spa y gimnasio;Valencia;Valencia;4,4;39.4645189, -0.372595
Play Gym;Gimnasio;Valencia;Valencia;4,9;39.4694527, -0.3455864
CLUB GIMNASIA RITMICA TORREPATERNA;Gimnasio;Valencia;Paterna;4,5;39.5127465, -0.4389922
Forus Paterna;Gimnasio;Valencia;Cruz de Gracia;3,6;39.530471, -0.4418855
Anytime Fitness Mislata;Gimnasio;Valencia;Mislata;4,5;39.4746751, -0.4207881
Polideportivo Municipal de Benicalap F-11 y F -8;Centro deportivo;Valencia;Valencia;3,6;39.4974798, -0.3946063
Sano Godella;Entrenador personal;Valencia;Godella;4,8;39.5263982, -0.4141734
Ergo Cycling Biomecánica del ciclismo;Centro deportivo;Valencia;Burjasot;5,0;39.5017734, -0.4074818
+QVida Cima 100 Paterna;Centro deportivo;Valencia;Paterna;3,6;39.5112762, -0.442344
Valenfit;Gimnasio;Valencia;Valencia;4,9;39.4604336, -0.3556047
Eva Cervera | Enjoy Fit;Entrenador personal;Valencia;Valencia;4,7;39.4744306, -0.4022792
C.F.Union Deportiva Benicap;Gimnasio;Valencia;Valencia;;39.4989525, -0.3942051
WORKROOM;Centro deportivo;Valencia;Burjasot;5,0;39.5129999, -0.4319585
Gimnasio;Gimnasio;Valencia;Valencia;4,6;39.4624176, -0.3443948
Health Fitness VLC Fisioterapia y Entrenamiento;Clínica de fisioterapia;Valencia;Valencia;4,9;39.4781474, -0.3962299
Club Deportivo Duato;Gimnasio;Valencia;Valencia;5,0;39.4686267, -0.3294487
Apta Vital Sport;Escuela deportiva;Valencia;Valencia;4,9;39.4868908, -0.3963402
CrossFit Northwest Paterna;Gimnasio;Valencia;Paterna;5,0;39.5202165, -0.4560796
JJ FITNESS;Centro deportivo;Valencia;Valencia;5,0;39.4552213, -0.4012793
Devesa Gym;Gimnasio;Valencia;Valencia;4,0;39.3219018, -0.3120221
KTB CrossFit Vara de quart;Gimnasio;Valencia;Valencia;4,9;39.4587399, -0.4087299
Planet Cross Box;Gimnasio;Valencia;Valencia;4,8;39.4363021, -0.4275505
MIBOX CrossFit;Gimnasio;Valencia;Sedaví;4,9;39.4261229, -0.3765237
VivaGym Tres Forques | Gimnasio en Valencia;Centro deportivo;Valencia;Valencia;4,3;39.464273, -0.3919153
Synergym Valencia Peset;Gimnasio;Valencia;Valencia;4,5;39.4517517, -0.3910001
ETHOS SPORT;Gimnasio de boxeo Muay Thai;Valencia;Paiporta;4,8;39.4295288, -0.405919
Basic-Fit Valencia Primer de maig;Gimnasio;Valencia;Valencia;4,8;39.4490602, -0.3877268
Kyodai Centro de Entrenamiento;Gimnasio;Valencia;Valencia;5,0;39.452312, -0.3869648
Anytime Fitness Abastos;Gimnasio;Valencia;Valencia;4,5;39.4690525, -0.3864844
GIMNÀS PATRAIX;Gimnasio;Valencia;Valencia;4,4;39.4602521, -0.3928589
VALENCIA FITNESS AND HEALTH;Gimnasio;Valencia;Valencia;5,0;39.4678297, -0.4138679
Gimnasio Shi Ner Kan;Gimnasio;Valencia;Valencia;4,7;39.4532503, -0.3767347
Gimnasio AltaFit Valencia Uruguay;Gimnasio;Valencia;Valencia;4,4;39.4592352, -0.3861291
Primate Strength and Gymnastics;Gimnasio;Valencia;Valencia;5,0;39.4724368, -0.4028914
M1SelectionSpain;Gimnasio;Valencia;Valencia;5,0;39.4488462, -0.3785689
Centre de Fisioteràpia Borja Ortega;Fisioterapeuta;Valencia;Valencia;5,0;39.4219038, -0.3393666
"Poliesportiu de Castellar-l&apos;Oliveral";Gimnasio;Valencia;Valencia;3,1;39.4237633, -0.365792
"Star&apos;s Gym";Gimnasio;Valencia;Benetúser;4,6;39.4193732, -0.3943441
Gimnasio Bâtard Crossboxing Studio;Gimnasio;Valencia;Valencia;5,0;39.4618747, -0.376879
Parque de barras;Gimnasio;València;Valencia;3,0;39.3807427, -0.3246501
Ultimo Sprint;Gimnasio;Valencia;Valencia;4,5;39.4555871, -0.3461419
Distrito by New Balance - Boutique de Entrenamiento;Gimnasio;Valencia;Valencia;4,8;39.457174, -0.347257
Fitness Park Valencia - Aqua;Centro deportivo;Valencia;Valencia;4,4;39.4566515, -0.345862
Gimnasio Club Deportivo Arnau;Gimnasio;Valencia;Valencia;4,4;39.4699287, -0.3483431
Deportivo Olimpo;Gimnasio;Valencia;Sedaví;4,8;39.4235531, -0.3852621
Basic-Fit Valencia Joaquín Costa;Gimnasio;Valencia;Valencia;4,9;39.4666884, -0.3677788
Synergym Valencia Puerto;Gimnasio;Valencia;Valencia;4,4;39.4619967, -0.3402163
CrossTraining Valencia;Gimnasio;Valencia;Valencia;4,7;39.4628527, -0.3681796
Deportivo Manzanera;Gimnasio;Valencia;Benetúser;4,9;39.4218265, -0.394254
The Time of Fitness;Centro deportivo;Valencia;Valencia;4,8;39.4713871, -0.3802427
VivaGym Benlloch | Gimnasio en Valencia;Gimnasio;Valencia;Valencia;4,2;39.4682965, -0.3557494
Gimnasio AltaFit Valencia Parque Central;Gimnasio;Valencia;Valencia;4,2;39.4575784, -0.37566
SUMA Fitness Club ALFAFAR | Gimnasio y Pádel en Valencia;Gimnasio;Valencia;Alfafar;4,3;39.4172843, -0.3915161
Valencia Urban Training;Centro deportivo;Valencia;Valencia;5,0;39.4761309, -0.3988356
Basic-Fit Valencia Mestre Rodrigo;Gimnasio;Valencia;Valencia;4,8;39.4816276, -0.4001582
AV Fit | Centro de Entrenamiento Personal en Valencia | Entrenadores personales;Gimnasio;Valencia;Valencia;5,0;39.4707059, -0.3673061
Mia Fit;Gimnasio;Valencia;Tabernes Blanques;4,8;39.5090659, -0.3650697
JC Personal Training;Entrenador personal;Valencia;Valencia;4,8;39.5037994, -0.3840267
Taronja Sport Valencia;Centro deportivo;Valencia;Valencia;5,0;39.4922993, -0.3967467
Forma Sport Museros;Gimnasio;Valencia;Museros;3,2;39.5593566, -0.3346235
Valence fit;Gimnasio;Valencia;Tabernes Blanques;4,9;39.5078307, -0.3663625
Central TFT club Meliana;Gimnasio;Valencia;Meliana;4,9;39.5266208, -0.35165
Box Xtreme Functional;Gimnasio;Valencia;Valencia;5,0;39.4943236, -0.3884115
Gimnasio Academia Chiralt;Gimnasio;Valencia;Moncada;4,6;39.5441162, -0.3951228
EVOLVE TRAINING CENTER;Gimnasio;Valencia;Valencia;5,0;39.4969128, -0.3802411
Pabellón Municipal de Tavernes Blanques;Centro deportivo;Valencia;Tabernes Blanques;4,3;39.50885, -0.3617099
Taronja Box Valencia;Centro deportivo;Valencia;Valencia;5,0;39.4922993, -0.3967467
Ivem Pilates;Centro de pilates;Valencia;Valencia;5,0;39.5007476, -0.3915849
Gimnasio AltaFit Arena Valencia;Gimnasio;Valencia;Valencia;4,3;39.4944634, -0.3617581
Basic-Fit;Gimnasio;Valencia;Valencia;4,9;39.4893515, -0.3871354
Club de Boxeo Fighters Gym;Gimnasio;Valencia;Almácera;4,9;39.510443, -0.3574097
Crossfusion;Gimnasio;Valencia;Valencia;5,0;39.4844257, -0.3962126
"L&apos;Orange Bleue Valencia";Gimnasio;Valencia;Valencia;4,7;39.4865293, -0.3720823
Basic Fit;Gimnasio;Valencia;Valencia;4,9;39.4792128, -0.3533428
Basic-Fit La Petxina;Gimnasio;Valencia;Valencia;4,7;39.4745778, -0.3965411
"JUMP&apos;S FITNESS CLUB";Gimnasio;Valencia;Valencia;4,8;39.4937804, -0.3590023
Gimnasio Master Gym;Gimnasio;Valencia;Valencia;4,5;39.4709333, -0.3912932
Synergym Valencia Constitución;Gimnasio;Valencia;Valencia;4,3;39.4895203, -0.375965
Play Gym;Gimnasio;Valencia;Valencia;4,9;39.4942756, -0.3722629
VivaGym Campanar | Gimnasio en Valencia;Gimnasio;Valencia;Valencia;4,3;39.4774356, -0.3952403
Nexo CrossFit;Gimnasio;Valencia;Valencia;4,8;39.4838644, -0.3815755
Box 015 Campanar;Centro deportivo;Valencia;Valencia;4,9;39.4805792, -0.3961589
VivaGym Platero | Gimnasio en Valencia;Gimnasio;Valencia;Valencia;4,4;39.4849542, -0.3728331
Centro Deportivo Valencia - SPORTA;Entrenador personal;Valencia;Valencia;4,9;39.4885727, -0.3641546
The Boxer Club Arena;Escuela de boxeo;Valencia;Valencia;4,9;39.4942839, -0.362075
The Body Concept;Entrenador personal;Valencia;Valencia;4,3;39.4905684, -0.3631177
Classic Fit Gym Valencia;Centro deportivo;Valencia;Valencia;4,5;39.4769858, -0.3468567
Campus Gym;Gimnasio;Valencia;Valencia;4,8;39.4830839, -0.3621055
Crosspartan Box;Gimnasio;Valencia;Masamagrell;5,0;39.5739827, -0.3284021
Be Balance Training club;Gimnasio;Valencia;Valencia;4,9;39.4722532, -0.3713553
KTALA;Gimnasio;Valencia;Valencia;5,0;39.4981151, -0.4012256
Basic-Fit Valencia Pintor Maella;Gimnasio;Valencia;Valencia;4,8;39.4634153, -0.3467636
HOT YOGA VALENCIA RONDA NORTE;Centro de yoga;Valencia;Valencia;4,9;39.4985125, -0.3740312
VivaGym Troya | Gimnasio en Valencia;Gimnasio;Valencia;Valencia;4,5;39.4670764, -0.3814383
Sekumpul Gym 【 Gimnasio Paterna 】;Gimnasio;Valencia;Paterna;5,0;39.4993315, -0.4368048
be24FIT Valencia;Gimnasio;Valencia;Valencia;4,7;39.4626898, -0.3684192
Curves Valencia - Aragón;Gimnasio;Valencia;Valencia;4,9;39.4715683, -0.3557149
Atalanta Sport Club-Spa, Ramón Asensio | Gimnasio en Valencia;Spa y gimnasio;Valencia;Valencia;4,2;39.4831472, -0.3577027
LA FABRICA DEL GLUTEO;Centro deportivo;Valencia;Valencia;5,0;39.4744681, -0.4051884
Be Balance FP Training Club;Gimnasio;Valencia;Valencia;4,8;39.467382, -0.3732515
Gimnasio Femenino Training;Centro de pilates;Valencia;Valencia;5,0;39.4615823, -0.3692455
Taekwondo Valencia Club Deportivo Esclavas Gimnasio;Gimnasio;Valencia;Valencia;5,0;39.4764577, -0.3656595
"Gimnasio Femenino de L&apos;Art";Gimnasio;Valencia;Valencia;4,1;39.4709818, -0.3676878
ElectroFitness Valencia;Gimnasio;Valencia;Valencia;4,9;39.4663008, -0.3581952
Personal Gim by ISG Sports;Entrenador personal;Valencia;Valencia;5,0;39.4713396, -0.3698702
Power Fitness Valencia;Gimnasio;Valencia;Valencia;4,4;39.4697455, -0.3667964
Synergym Valencia Gran Vía;Gimnasio;Valencia;Valencia;4,7;39.4642792, -0.3671365
SUMA Fitness Club PISCINA VALENCIA | Gimnasio y piscina en Valencia;Gimnasio;Valencia;Valencia;4,0;39.4728807, -0.3630444
McFIT Valencia Puerto;Centro deportivo;Valencia;Valencia;4,0;39.4669141, -0.3511897
Oxean Fitness Club;Centro deportivo;Valencia;Valencia;5,0;39.4605115, -0.3207315
Artola 10;Gimnasio;Valencia;Valencia;4,1;39.4756394, -0.3486897
DTM training club;Entrenador personal;Valencia;Valencia;5,0;39.4780266, -0.3541667
VivaGym Cánovas | Gimnasio en Valencia;Gimnasio;Valencia;Valencia;4,5;39.4665736, -0.3644138
SUMA Fitness Club PATACONA | Gimnasio y Piscina en Valencia;Gimnasio;Valencia;Alboraya;4,3;39.4879364, -0.3271772
Maria Jose Yoga Ilates;Gimnasio;Valencia;Burjasot;5,0;39.5147647, -0.4094376
Collective Joy Benicalap;Gimnasio;Valencia;Valencia;;39.4975472, -0.3946728
KEASYFIT;Gimnasio;Valencia;Valencia;4,3;39.4565734, -0.3573413
Entrenador Personal Valencia Low Cost Método Total Gym;Entrenador personal;Valencia;Valencia;4,6;39.4799374, -0.32691
Boxeo Sparta;Escuela de boxeo;Valencia;Valencia;5,0;39.4867488, -0.3685807
Club Esportiu Valencia Grao;Club de artes marciales;Valencia;Valencia;4,8;39.4620202, -0.3343105
PARQUE DE BARRAS - CALISTENIA SON GOKU;Gimnasio;Valencia;Valencia;4,4;39.4826342, -0.3313447
TSUBOXTEAM (Club Boxeo san Cristóbal);Gimnasio;Valencia;Valencia;4,7;39.4626559, -0.335781
CrossFit Grau;Programa de acondicionamiento físico;Valencia;Valencia;4,8;39.458919, -0.3400642
MenejaT fit;Entrenador personal;Valencia;Valencia;5,0;39.4796102, -0.3268301
Rocódromo Boulder Bloque Portuarios;Gimnasio;Valencia;Valencia;5,0;39.4690778, -0.3276976
Sweet Gym;Gimnasio;Valencia;Valencia;4,8;39.4626298, -0.3439989
Enjoy! Samaranch;Gimnasio;Valencia;Valencia;3,5;39.4574269, -0.3418241
JF Sport Center;Centro deportivo;Valencia;Valencia;5,0;39.4640889, -0.3408963
Brooklyn Fitboxing CIUDAD DE LAS ARTES Y LAS CIENCIAS;Gimnasio;Valencia;Valencia;4,8;39.4612136, -0.3495774
VTC Tennis Academy;Centro deportivo;Valencia;Valencia;5,0;39.4797569, -0.3291741
Velcam Yoga Center;Centro de yoga;Valencia;Valencia;5,0;39.4662359, -0.3308288
Valencia Tennis Center;Centro deportivo;Valencia;Valencia;4,2;39.4801408, -0.3297756
FISIOTERAPIA MARITIM;Clínica de fisioterapia;Valencia;Valencia;4,6;39.4632673, -0.3331743
Sergio Cortell Entrenamiento y Nutrición;Centro deportivo;Valencia;Valencia;5,0;39.4692847, -0.34466
CrossFit Gorgos;Gimnasio;Valencia;Valencia;5,0;39.476501, -0.3528715
Full CrossFit Valencia - La Patacona;Centro deportivo;Valencia;Alboraya;4,9;39.4909031, -0.3270303
Parc Eivissa;Gimnasio;València;Valencia;;39.4608893, -0.3395646
Parque de Calistenia;Gimnasio;Valencia;Valencia;4,5;39.4707983, -0.3386886
Forma Sport Av. Francia;Gimnasio;Valencia;Valencia;3,7;39.4646606, -0.3532144
Zona de barras de calistenia;Gimnasio;Valencia;Valencia;3,0;39.4762435, -0.3342354
FlexiFit;Centro deportivo;Valencia;Valencia;;39.4740587, -0.3227807
Forma Sport Leandro;Centro deportivo;Valencia;Valencia;2,7;39.475242, -0.34791
AdaptaBox;Centro deportivo;Valencia;Valencia;5,0;39.4687543, -0.3367146
Gimnasio Olimpic;Gimnasio;Valencia;Valencia;4,8;39.4777923, -0.3566834
Gimnàs UPV;Gimnasio;Valencia;Valencia;3,8;39.4823547, -0.3401738
Pabellón Deportes UPV;Centro deportivo;Valencia;Valencia;4,3;39.4792736, -0.3412779
Padel autoridades portuarias;Gimnasio;Valencia;Valencia;;39.464426, -0.3275309
Aruna yoga;Centro de yoga;Valencia;Valencia;5,0;39.462971, -0.3324922
Atalanta Sport Club, Joaquín Costa | Gimnasio en Valencia;Gimnasio;Valencia;Valencia;4,5;39.4667045, -0.3674881
Medinensis Activa;Centro deportivo;Valencia;Valencia;5,0;39.4774638, -0.3473932
Ocean Republik Malvarrosa Windsurf, Paddle Surf, WingFoil y Surf;Centro deportivo;Valencia;Valencia;4,9;39.4834778, -0.326827
Urban Pilates - Aqua;Centro de pilates;Valencia;Valencia;4,9;39.4568855, -0.3447171
Gimnasio Linea Sport;Gimnasio;Valencia;Valencia;4,8;39.4613234, -0.3615531
Centro Yoguini;Centro de yoga;Valencia;Valencia;4,9;39.4689455, -0.3395551
EPIC Boutique Fitness;Gimnasio;Valencia;Valencia;4,5;39.4654415, -0.367765
YogaBrú;Centro de yoga;Valencia;Valencia;;39.4653267, -0.328435
Gimnasio Polideportivo Carmen del Beteró;Gimnasio;Valencia;Valencia;5,0;39.4749806, -0.3371543
